date_key,full_date,calendar_year,calendar_quarter,month_number,month_name,week_start_date,day_of_week,is_week_start
20220102,2022-01-02,2022,1,1,January,2021-12-27,Sunday,N
20220103,2022-01-03,2022,1,1,January,2022-01-03,Monday,Y
20220104,2022-01-04,2022,1,1,January,2022-01-03,Tuesday,N
20220106,2022-01-06,2022,1,1,January,2022-01-03,Thursday,N
20220107,2022-01-07,2022,1,1,January,2022-01-03,Friday,N
20220108,2022-01-08,2022,1,1,January,2022-01-03,Saturday,N
20220109,2022-01-09,2022,1,1,January,2022-01-03,Sunday,N
20220112,2022-01-12,2022,1,1,January,2022-01-10,Wednesday,N
20220113,2022-01-13,2022,1,1,January,2022-01-10,Thursday,N
20220114,2022-01-14,2022,1,1,January,2022-01-10,Friday,N
20220116,2022-01-16,2022,1,1,January,2022-01-10,Sunday,N
20220121,2022-01-21,2022,1,1,January,2022-01-17,Friday,N
20220122,2022-01-22,2022,1,1,January,2022-01-17,Saturday,N
20220123,2022-01-23,2022,1,1,January,2022-01-17,Sunday,N
20220125,2022-01-25,2022,1,1,January,2022-01-24,Tuesday,N
20220202,2022-02-02,2022,1,2,February,2022-01-31,Wednesday,N
20220203,2022-02-03,2022,1,2,February,2022-01-31,Thursday,N
20220209,2022-02-09,2022,1,2,February,2022-02-07,Wednesday,N
20220215,2022-02-15,2022,1,2,February,2022-02-14,Tuesday,N
20220216,2022-02-16,2022,1,2,February,2022-02-14,Wednesday,N
20220218,2022-02-18,2022,1,2,February,2022-02-14,Friday,N
20220228,2022-02-28,2022,1,2,February,2022-02-28,Monday,Y
20220302,2022-03-02,2022,1,3,March,2022-02-28,Wednesday,N
20220303,2022-03-03,2022,1,3,March,2022-02-28,Thursday,N
20220311,2022-03-11,2022,1,3,March,2022-03-07,Friday,N
20220318,2022-03-18,2022,1,3,March,2022-03-14,Friday,N
20220319,2022-03-19,2022,1,3,March,2022-03-14,Saturday,N
20220321,2022-03-21,2022,1,3,March,2022-03-21,Monday,Y
20220322,2022-03-22,2022,1,3,March,2022-03-21,Tuesday,N
20220323,2022-03-23,2022,1,3,March,2022-03-21,Wednesday,N
20220325,2022-03-25,2022,1,3,March,2022-03-21,Friday,N
20220327,2022-03-27,2022,1,3,March,2022-03-21,Sunday,N
20220328,2022-03-28,2022,1,3,March,2022-03-28,Monday,Y
20220330,2022-03-30,2022,1,3,March,2022-03-28,Wednesday,N
20220331,2022-03-31,2022,1,3,March,2022-03-28,Thursday,N
20220406,2022-04-06,2022,2,4,April,2022-04-04,Wednesday,N
20220411,2022-04-11,2022,2,4,April,2022-04-11,Monday,Y
20220413,2022-04-13,2022,2,4,April,2022-04-11,Wednesday,N
20220415,2022-04-15,2022,2,4,April,2022-04-11,Friday,N
20220417,2022-04-17,2022,2,4,April,2022-04-11,Sunday,N
20220419,2022-04-19,2022,2,4,April,2022-04-18,Tuesday,N
20220420,2022-04-20,2022,2,4,April,2022-04-18,Wednesday,N
20220422,2022-04-22,2022,2,4,April,2022-04-18,Friday,N
20220423,2022-04-23,2022,2,4,April,2022-04-18,Saturday,N
20220424,2022-04-24,2022,2,4,April,2022-04-18,Sunday,N
20220426,2022-04-26,2022,2,4,April,2022-04-25,Tuesday,N
20220509,2022-05-09,2022,2,5,May,2022-05-09,Monday,Y
20220510,2022-05-10,2022,2,5,May,2022-05-09,Tuesday,N
20220520,2022-05-20,2022,2,5,May,2022-05-16,Friday,N
20220522,2022-05-22,2022,2,5,May,2022-05-16,Sunday,N
20220524,2022-05-24,2022,2,5,May,2022-05-23,Tuesday,N
20220525,2022-05-25,2022,2,5,May,2022-05-23,Wednesday,N
20220529,2022-05-29,2022,2,5,May,2022-05-23,Sunday,N
20220606,2022-06-06,2022,2,6,June,2022-06-06,Monday,Y
20220609,2022-06-09,2022,2,6,June,2022-06-06,Thursday,N
20220615,2022-06-15,2022,2,6,June,2022-06-13,Wednesday,N
20220617,2022-06-17,2022,2,6,June,2022-06-13,Friday,N
20220620,2022-06-20,2022,2,6,June,2022-06-20,Monday,Y
20220621,2022-06-21,2022,2,6,June,2022-06-20,Tuesday,N
20220622,2022-06-22,2022,2,6,June,2022-06-20,Wednesday,N
20220623,2022-06-23,2022,2,6,June,2022-06-20,Thursday,N
20220624,2022-06-24,2022,2,6,June,2022-06-20,Friday,N
20220625,2022-06-25,2022,2,6,June,2022-06-20,Saturday,N
20220630,2022-06-30,2022,2,6,June,2022-06-27,Thursday,N
20220701,2022-07-01,2022,3,7,July,2022-06-27,Friday,N
20220703,2022-07-03,2022,3,7,July,2022-06-27,Sunday,N
20220705,2022-07-05,2022,3,7,July,2022-07-04,Tuesday,N
20220706,2022-07-06,2022,3,7,July,2022-07-04,Wednesday,N
20220707,2022-07-07,2022,3,7,July,2022-07-04,Thursday,N
20220710,2022-07-10,2022,3,7,July,2022-07-04,Sunday,N
20220715,2022-07-15,2022,3,7,July,2022-07-11,Friday,N
20220716,2022-07-16,2022,3,7,July,2022-07-11,Saturday,N
20220723,2022-07-23,2022,3,7,July,2022-07-18,Saturday,N
20220724,2022-07-24,2022,3,7,July,2022-07-18,Sunday,N
20220725,2022-07-25,2022,3,7,July,2022-07-25,Monday,Y
20220730,2022-07-30,2022,3,7,July,2022-07-25,Saturday,N
20220807,2022-08-07,2022,3,8,August,2022-08-01,Sunday,N
20220809,2022-08-09,2022,3,8,August,2022-08-08,Tuesday,N
20220813,2022-08-13,2022,3,8,August,2022-08-08,Saturday,N
20220817,2022-08-17,2022,3,8,August,2022-08-15,Wednesday,N
20220818,2022-08-18,2022,3,8,August,2022-08-15,Thursday,N
20220819,2022-08-19,2022,3,8,August,2022-08-15,Friday,N
20220821,2022-08-21,2022,3,8,August,2022-08-15,Sunday,N
20220824,2022-08-24,2022,3,8,August,2022-08-22,Wednesday,N
20220826,2022-08-26,2022,3,8,August,2022-08-22,Friday,N
20220827,2022-08-27,2022,3,8,August,2022-08-22,Saturday,N
20220828,2022-08-28,2022,3,8,August,2022-08-22,Sunday,N
20220830,2022-08-30,2022,3,8,August,2022-08-29,Tuesday,N
20220906,2022-09-06,2022,3,9,September,2022-09-05,Tuesday,N
20220909,2022-09-09,2022,3,9,September,2022-09-05,Friday,N
20220911,2022-09-11,2022,3,9,September,2022-09-05,Sunday,N
20220912,2022-09-12,2022,3,9,September,2022-09-12,Monday,Y
20220913,2022-09-13,2022,3,9,September,2022-09-12,Tuesday,N
20220915,2022-09-15,2022,3,9,September,2022-09-12,Thursday,N
20220921,2022-09-21,2022,3,9,September,2022-09-19,Wednesday,N
20220923,2022-09-23,2022,3,9,September,2022-09-19,Friday,N
20220924,2022-09-24,2022,3,9,September,2022-09-19,Saturday,N
20220925,2022-09-25,2022,3,9,September,2022-09-19,Sunday,N
20220926,2022-09-26,2022,3,9,September,2022-09-26,Monday,Y
20220929,2022-09-29,2022,3,9,September,2022-09-26,Thursday,N
20221001,2022-10-01,2022,4,10,October,2022-09-26,Saturday,N
20221003,2022-10-03,2022,4,10,October,2022-10-03,Monday,Y
20221004,2022-10-04,2022,4,10,October,2022-10-03,Tuesday,N
20221005,2022-10-05,2022,4,10,October,2022-10-03,Wednesday,N
20221006,2022-10-06,2022,4,10,October,2022-10-03,Thursday,N
20221008,2022-10-08,2022,4,10,October,2022-10-03,Saturday,N
20221014,2022-10-14,2022,4,10,October,2022-10-10,Friday,N
20221015,2022-10-15,2022,4,10,October,2022-10-10,Saturday,N
20221019,2022-10-19,2022,4,10,October,2022-10-17,Wednesday,N
20221021,2022-10-21,2022,4,10,October,2022-10-17,Friday,N
20221023,2022-10-23,2022,4,10,October,2022-10-17,Sunday,N
20221024,2022-10-24,2022,4,10,October,2022-10-24,Monday,Y
20221026,2022-10-26,2022,4,10,October,2022-10-24,Wednesday,N
20221030,2022-10-30,2022,4,10,October,2022-10-24,Sunday,N
20221102,2022-11-02,2022,4,11,November,2022-10-31,Wednesday,N
20221107,2022-11-07,2022,4,11,November,2022-11-07,Monday,Y
20221108,2022-11-08,2022,4,11,November,2022-11-07,Tuesday,N
20221109,2022-11-09,2022,4,11,November,2022-11-07,Wednesday,N
20221112,2022-11-12,2022,4,11,November,2022-11-07,Saturday,N
20221113,2022-11-13,2022,4,11,November,2022-11-07,Sunday,N
20221115,2022-11-15,2022,4,11,November,2022-11-14,Tuesday,N
20221117,2022-11-17,2022,4,11,November,2022-11-14,Thursday,N
20221118,2022-11-18,2022,4,11,November,2022-11-14,Friday,N
20221123,2022-11-23,2022,4,11,November,2022-11-21,Wednesday,N
20221125,2022-11-25,2022,4,11,November,2022-11-21,Friday,N
20221201,2022-12-01,2022,4,12,December,2022-11-28,Thursday,N
20221203,2022-12-03,2022,4,12,December,2022-11-28,Saturday,N
20221213,2022-12-13,2022,4,12,December,2022-12-12,Tuesday,N
20221220,2022-12-20,2022,4,12,December,2022-12-19,Tuesday,N
20221223,2022-12-23,2022,4,12,December,2022-12-19,Friday,N
20221224,2022-12-24,2022,4,12,December,2022-12-19,Saturday,N
20221225,2022-12-25,2022,4,12,December,2022-12-19,Sunday,N
20221227,2022-12-27,2022,4,12,December,2022-12-26,Tuesday,N
20221230,2022-12-30,2022,4,12,December,2022-12-26,Friday,N
20230101,2023-01-01,2023,1,1,January,2022-12-26,Sunday,N
20230103,2023-01-03,2023,1,1,January,2023-01-02,Tuesday,N
20230105,2023-01-05,2023,1,1,January,2023-01-02,Thursday,N
20230108,2023-01-08,2023,1,1,January,2023-01-02,Sunday,N
20230109,2023-01-09,2023,1,1,January,2023-01-09,Monday,Y
20230111,2023-01-11,2023,1,1,January,2023-01-09,Wednesday,N
20230114,2023-01-14,2023,1,1,January,2023-01-09,Saturday,N
20230115,2023-01-15,2023,1,1,January,2023-01-09,Sunday,N
20230120,2023-01-20,2023,1,1,January,2023-01-16,Friday,N
20230122,2023-01-22,2023,1,1,January,2023-01-16,Sunday,N
20230123,2023-01-23,2023,1,1,January,2023-01-23,Monday,Y
20230125,2023-01-25,2023,1,1,January,2023-01-23,Wednesday,N
20230127,2023-01-27,2023,1,1,January,2023-01-23,Friday,N
20230128,2023-01-28,2023,1,1,January,2023-01-23,Saturday,N
20230129,2023-01-29,2023,1,1,January,2023-01-23,Sunday,N
20230131,2023-01-31,2023,1,1,January,2023-01-30,Tuesday,N
20230201,2023-02-01,2023,1,2,February,2023-01-30,Wednesday,N
20230203,2023-02-03,2023,1,2,February,2023-01-30,Friday,N
20230209,2023-02-09,2023,1,2,February,2023-02-06,Thursday,N
20230212,2023-02-12,2023,1,2,February,2023-02-06,Sunday,N
20230214,2023-02-14,2023,1,2,February,2023-02-13,Tuesday,N
20230217,2023-02-17,2023,1,2,February,2023-02-13,Friday,N
20230218,2023-02-18,2023,1,2,February,2023-02-13,Saturday,N
20230221,2023-02-21,2023,1,2,February,2023-02-20,Tuesday,N
20230222,2023-02-22,2023,1,2,February,2023-02-20,Wednesday,N
20230224,2023-02-24,2023,1,2,February,2023-02-20,Friday,N
20230301,2023-03-01,2023,1,3,March,2023-02-27,Wednesday,N
20230302,2023-03-02,2023,1,3,March,2023-02-27,Thursday,N
20230307,2023-03-07,2023,1,3,March,2023-03-06,Tuesday,N
20230310,2023-03-10,2023,1,3,March,2023-03-06,Friday,N
20230311,2023-03-11,2023,1,3,March,2023-03-06,Saturday,N
20230319,2023-03-19,2023,1,3,March,2023-03-13,Sunday,N
20230320,2023-03-20,2023,1,3,March,2023-03-20,Monday,Y
20230322,2023-03-22,2023,1,3,March,2023-03-20,Wednesday,N
20230323,2023-03-23,2023,1,3,March,2023-03-20,Thursday,N
20230325,2023-03-25,2023,1,3,March,2023-03-20,Saturday,N
20230330,2023-03-30,2023,1,3,March,2023-03-27,Thursday,N
20230331,2023-03-31,2023,1,3,March,2023-03-27,Friday,N
20230402,2023-04-02,2023,2,4,April,2023-03-27,Sunday,N
20230404,2023-04-04,2023,2,4,April,2023-04-03,Tuesday,N
20230411,2023-04-11,2023,2,4,April,2023-04-10,Tuesday,N
20230412,2023-04-12,2023,2,4,April,2023-04-10,Wednesday,N
20230413,2023-04-13,2023,2,4,April,2023-04-10,Thursday,N
20230418,2023-04-18,2023,2,4,April,2023-04-17,Tuesday,N
20230420,2023-04-20,2023,2,4,April,2023-04-17,Thursday,N
20230422,2023-04-22,2023,2,4,April,2023-04-17,Saturday,N
20230423,2023-04-23,2023,2,4,April,2023-04-17,Sunday,N
20230427,2023-04-27,2023,2,4,April,2023-04-24,Thursday,N
20230429,2023-04-29,2023,2,4,April,2023-04-24,Saturday,N
20230507,2023-05-07,2023,2,5,May,2023-05-01,Sunday,N
20230510,2023-05-10,2023,2,5,May,2023-05-08,Wednesday,N
20230512,2023-05-12,2023,2,5,May,2023-05-08,Friday,N
20230514,2023-05-14,2023,2,5,May,2023-05-08,Sunday,N
20230518,2023-05-18,2023,2,5,May,2023-05-15,Thursday,N
20230524,2023-05-24,2023,2,5,May,2023-05-22,Wednesday,N
20230526,2023-05-26,2023,2,5,May,2023-05-22,Friday,N
20230527,2023-05-27,2023,2,5,May,2023-05-22,Saturday,N
20230530,2023-05-30,2023,2,5,May,2023-05-29,Tuesday,N
20230602,2023-06-02,2023,2,6,June,2023-05-29,Friday,N
20230603,2023-06-03,2023,2,6,June,2023-05-29,Saturday,N
20230604,2023-06-04,2023,2,6,June,2023-05-29,Sunday,N
20230607,2023-06-07,2023,2,6,June,2023-06-05,Wednesday,N
20230608,2023-06-08,2023,2,6,June,2023-06-05,Thursday,N
20230609,2023-06-09,2023,2,6,June,2023-06-05,Friday,N
20230612,2023-06-12,2023,2,6,June,2023-06-12,Monday,Y
20230615,2023-06-15,2023,2,6,June,2023-06-12,Thursday,N
20230617,2023-06-17,2023,2,6,June,2023-06-12,Saturday,N
20230618,2023-06-18,2023,2,6,June,2023-06-12,Sunday,N
20230621,2023-06-21,2023,2,6,June,2023-06-19,Wednesday,N
20230630,2023-06-30,2023,2,6,June,2023-06-26,Friday,N
20230704,2023-07-04,2023,3,7,July,2023-07-03,Tuesday,N
20230705,2023-07-05,2023,3,7,July,2023-07-03,Wednesday,N
20230707,2023-07-07,2023,3,7,July,2023-07-03,Friday,N
20230708,2023-07-08,2023,3,7,July,2023-07-03,Saturday,N
20230709,2023-07-09,2023,3,7,July,2023-07-03,Sunday,N
20230710,2023-07-10,2023,3,7,July,2023-07-10,Monday,Y
20230711,2023-07-11,2023,3,7,July,2023-07-10,Tuesday,N
20230716,2023-07-16,2023,3,7,July,2023-07-10,Sunday,N
20230724,2023-07-24,2023,3,7,July,2023-07-24,Monday,Y
20230726,2023-07-26,2023,3,7,July,2023-07-24,Wednesday,N
20230727,2023-07-27,2023,3,7,July,2023-07-24,Thursday,N
20230730,2023-07-30,2023,3,7,July,2023-07-24,Sunday,N
20230805,2023-08-05,2023,3,8,August,2023-07-31,Saturday,N
20230807,2023-08-07,2023,3,8,August,2023-08-07,Monday,Y
20230813,2023-08-13,2023,3,8,August,2023-08-07,Sunday,N
20230814,2023-08-14,2023,3,8,August,2023-08-14,Monday,Y
20230817,2023-08-17,2023,3,8,August,2023-08-14,Thursday,N
20230818,2023-08-18,2023,3,8,August,2023-08-14,Friday,N
20230820,2023-08-20,2023,3,8,August,2023-08-14,Sunday,N
20230821,2023-08-21,2023,3,8,August,2023-08-21,Monday,Y
20230823,2023-08-23,2023,3,8,August,2023-08-21,Wednesday,N
20230831,2023-08-31,2023,3,8,August,2023-08-28,Thursday,N
20230908,2023-09-08,2023,3,9,September,2023-09-04,Friday,N
20230910,2023-09-10,2023,3,9,September,2023-09-04,Sunday,N
20230913,2023-09-13,2023,3,9,September,2023-09-11,Wednesday,N
20230914,2023-09-14,2023,3,9,September,2023-09-11,Thursday,N
20230915,2023-09-15,2023,3,9,September,2023-09-11,Friday,N
20230920,2023-09-20,2023,3,9,September,2023-09-18,Wednesday,N
20230922,2023-09-22,2023,3,9,September,2023-09-18,Friday,N
20230928,2023-09-28,2023,3,9,September,2023-09-25,Thursday,N
20230929,2023-09-29,2023,3,9,September,2023-09-25,Friday,N
20231003,2023-10-03,2023,4,10,October,2023-10-02,Tuesday,N
20231005,2023-10-05,2023,4,10,October,2023-10-02,Thursday,N
20231006,2023-10-06,2023,4,10,October,2023-10-02,Friday,N
20231010,2023-10-10,2023,4,10,October,2023-10-09,Tuesday,N
20231016,2023-10-16,2023,4,10,October,2023-10-16,Monday,Y
20231022,2023-10-22,2023,4,10,October,2023-10-16,Sunday,N
20231023,2023-10-23,2023,4,10,October,2023-10-23,Monday,Y
20231024,2023-10-24,2023,4,10,October,2023-10-23,Tuesday,N
20231027,2023-10-27,2023,4,10,October,2023-10-23,Friday,N
20231029,2023-10-29,2023,4,10,October,2023-10-23,Sunday,N
20231031,2023-10-31,2023,4,10,October,2023-10-30,Tuesday,N
20231104,2023-11-04,2023,4,11,November,2023-10-30,Saturday,N
20231105,2023-11-05,2023,4,11,November,2023-10-30,Sunday,N
20231109,2023-11-09,2023,4,11,November,2023-11-06,Thursday,N
20231114,2023-11-14,2023,4,11,November,2023-11-13,Tuesday,N
20231117,2023-11-17,2023,4,11,November,2023-11-13,Friday,N
20231119,2023-11-19,2023,4,11,November,2023-11-13,Sunday,N
20231120,2023-11-20,2023,4,11,November,2023-11-20,Monday,Y
20231125,2023-11-25,2023,4,11,November,2023-11-20,Saturday,N
20231126,2023-11-26,2023,4,11,November,2023-11-20,Sunday,N
20231127,2023-11-27,2023,4,11,November,2023-11-27,Monday,Y
20231128,2023-11-28,2023,4,11,November,2023-11-27,Tuesday,N
20231213,2023-12-13,2023,4,12,December,2023-12-11,Wednesday,N
20231218,2023-12-18,2023,4,12,December,2023-12-18,Monday,Y
20231219,2023-12-19,2023,4,12,December,2023-12-18,Tuesday,N
20231220,2023-12-20,2023,4,12,December,2023-12-18,Wednesday,N
20231227,2023-12-27,2023,4,12,December,2023-12-25,Wednesday,N
20240101,2024-01-01,2024,1,1,January,2024-01-01,Monday,Y
20240102,2024-01-02,2024,1,1,January,2024-01-01,Tuesday,N
20240104,2024-01-04,2024,1,1,January,2024-01-01,Thursday,N
20240105,2024-01-05,2024,1,1,January,2024-01-01,Friday,N
20240107,2024-01-07,2024,1,1,January,2024-01-01,Sunday,N
20240109,2024-01-09,2024,1,1,January,2024-01-08,Tuesday,N
20240110,2024-01-10,2024,1,1,January,2024-01-08,Wednesday,N
20240113,2024-01-13,2024,1,1,January,2024-01-08,Saturday,N
20240115,2024-01-15,2024,1,1,January,2024-01-15,Monday,Y
20240116,2024-01-16,2024,1,1,January,2024-01-15,Tuesday,N
20240117,2024-01-17,2024,1,1,January,2024-01-15,Wednesday,N
20240118,2024-01-18,2024,1,1,January,2024-01-15,Thursday,N
20240120,2024-01-20,2024,1,1,January,2024-01-15,Saturday,N
20240123,2024-01-23,2024,1,1,January,2024-01-22,Tuesday,N
20240124,2024-01-24,2024,1,1,January,2024-01-22,Wednesday,N
20240127,2024-01-27,2024,1,1,January,2024-01-22,Saturday,N
20240128,2024-01-28,2024,1,1,January,2024-01-22,Sunday,N
20240131,2024-01-31,2024,1,1,January,2024-01-29,Wednesday,N
20240201,2024-02-01,2024,1,2,February,2024-01-29,Thursday,N
20240206,2024-02-06,2024,1,2,February,2024-02-05,Tuesday,N
20240207,2024-02-07,2024,1,2,February,2024-02-05,Wednesday,N
20240212,2024-02-12,2024,1,2,February,2024-02-12,Monday,Y
20240213,2024-02-13,2024,1,2,February,2024-02-12,Tuesday,N
20240214,2024-02-14,2024,1,2,February,2024-02-12,Wednesday,N
20240216,2024-02-16,2024,1,2,February,2024-02-12,Friday,N
20240219,2024-02-19,2024,1,2,February,2024-02-19,Monday,Y
20240223,2024-02-23,2024,1,2,February,2024-02-19,Friday,N
20240227,2024-02-27,2024,1,2,February,2024-02-26,Tuesday,N
20240229,2024-02-29,2024,1,2,February,2024-02-26,Thursday,N
20240301,2024-03-01,2024,1,3,March,2024-02-26,Friday,N
20240303,2024-03-03,2024,1,3,March,2024-02-26,Sunday,N
20240304,2024-03-04,2024,1,3,March,2024-03-04,Monday,Y
20240313,2024-03-13,2024,1,3,March,2024-03-11,Wednesday,N
20240314,2024-03-14,2024,1,3,March,2024-03-11,Thursday,N
20240319,2024-03-19,2024,1,3,March,2024-03-18,Tuesday,N
20240323,2024-03-23,2024,1,3,March,2024-03-18,Saturday,N
20240324,2024-03-24,2024,1,3,March,2024-03-18,Sunday,N
20240325,2024-03-25,2024,1,3,March,2024-03-25,Monday,Y
20240326,2024-03-26,2024,1,3,March,2024-03-25,Tuesday,N
20240329,2024-03-29,2024,1,3,March,2024-03-25,Friday,N
20240402,2024-04-02,2024,2,4,April,2024-04-01,Tuesday,N
20240409,2024-04-09,2024,2,4,April,2024-04-08,Tuesday,N
20240412,2024-04-12,2024,2,4,April,2024-04-08,Friday,N
20240416,2024-04-16,2024,2,4,April,2024-04-15,Tuesday,N
20240426,2024-04-26,2024,2,4,April,2024-04-22,Friday,N
20240429,2024-04-29,2024,2,4,April,2024-04-29,Monday,Y
20240502,2024-05-02,2024,2,5,May,2024-04-29,Thursday,N
20240505,2024-05-05,2024,2,5,May,2024-04-29,Sunday,N
20240507,2024-05-07,2024,2,5,May,2024-05-06,Tuesday,N
20240509,2024-05-09,2024,2,5,May,2024-05-06,Thursday,N
20240510,2024-05-10,2024,2,5,May,2024-05-06,Friday,N
20240514,2024-05-14,2024,2,5,May,2024-05-13,Tuesday,N
20240515,2024-05-15,2024,2,5,May,2024-05-13,Wednesday,N
20240516,2024-05-16,2024,2,5,May,2024-05-13,Thursday,N
20240519,2024-05-19,2024,2,5,May,2024-05-13,Sunday,N
20240524,2024-05-24,2024,2,5,May,2024-05-20,Friday,N
20240527,2024-05-27,2024,2,5,May,2024-05-27,Monday,Y
20240530,2024-05-30,2024,2,5,May,2024-05-27,Thursday,N
20240531,2024-05-31,2024,2,5,May,2024-05-27,Friday,N
20240601,2024-06-01,2024,2,6,June,2024-05-27,Saturday,N
20240602,2024-06-02,2024,2,6,June,2024-05-27,Sunday,N
20240605,2024-06-05,2024,2,6,June,2024-06-03,Wednesday,N
20240606,2024-06-06,2024,2,6,June,2024-06-03,Thursday,N
20240609,2024-06-09,2024,2,6,June,2024-06-03,Sunday,N
20240610,2024-06-10,2024,2,6,June,2024-06-10,Monday,Y
20240612,2024-06-12,2024,2,6,June,2024-06-10,Wednesday,N
20240614,2024-06-14,2024,2,6,June,2024-06-10,Friday,N
20240615,2024-06-15,2024,2,6,June,2024-06-10,Saturday,N
20240618,2024-06-18,2024,2,6,June,2024-06-17,Tuesday,N
20240620,2024-06-20,2024,2,6,June,2024-06-17,Thursday,N
20240621,2024-06-21,2024,2,6,June,2024-06-17,Friday,N
20240622,2024-06-22,2024,2,6,June,2024-06-17,Saturday,N
20240624,2024-06-24,2024,2,6,June,2024-06-24,Monday,Y
20240626,2024-06-26,2024,2,6,June,2024-06-24,Wednesday,N
20240627,2024-06-27,2024,2,6,June,2024-06-24,Thursday,N
20240629,2024-06-29,2024,2,6,June,2024-06-24,Saturday,N
20240702,2024-07-02,2024,3,7,July,2024-07-01,Tuesday,N
20240709,2024-07-09,2024,3,7,July,2024-07-08,Tuesday,N
20240711,2024-07-11,2024,3,7,July,2024-07-08,Thursday,N
20240712,2024-07-12,2024,3,7,July,2024-07-08,Friday,N
20240714,2024-07-14,2024,3,7,July,2024-07-08,Sunday,N
20240715,2024-07-15,2024,3,7,July,2024-07-15,Monday,Y
20240717,2024-07-17,2024,3,7,July,2024-07-15,Wednesday,N
20240719,2024-07-19,2024,3,7,July,2024-07-15,Friday,N
20240721,2024-07-21,2024,3,7,July,2024-07-15,Sunday,N
20240722,2024-07-22,2024,3,7,July,2024-07-22,Monday,Y
20240723,2024-07-23,2024,3,7,July,2024-07-22,Tuesday,N
20240724,2024-07-24,2024,3,7,July,2024-07-22,Wednesday,N
20240725,2024-07-25,2024,3,7,July,2024-07-22,Thursday,N
20240727,2024-07-27,2024,3,7,July,2024-07-22,Saturday,N
20240807,2024-08-07,2024,3,8,August,2024-08-05,Wednesday,N
20240808,2024-08-08,2024,3,8,August,2024-08-05,Thursday,N
20240809,2024-08-09,2024,3,8,August,2024-08-05,Friday,N
20240811,2024-08-11,2024,3,8,August,2024-08-05,Sunday,N
20240812,2024-08-12,2024,3,8,August,2024-08-12,Monday,Y
20240814,2024-08-14,2024,3,8,August,2024-08-12,Wednesday,N
20240818,2024-08-18,2024,3,8,August,2024-08-12,Sunday,N
20240825,2024-08-25,2024,3,8,August,2024-08-19,Sunday,N
20240826,2024-08-26,2024,3,8,August,2024-08-26,Monday,Y
20240827,2024-08-27,2024,3,8,August,2024-08-26,Tuesday,N
20240829,2024-08-29,2024,3,8,August,2024-08-26,Thursday,N
20240830,2024-08-30,2024,3,8,August,2024-08-26,Friday,N
20240901,2024-09-01,2024,3,9,September,2024-08-26,Sunday,N
20240902,2024-09-02,2024,3,9,September,2024-09-02,Monday,Y
20240904,2024-09-04,2024,3,9,September,2024-09-02,Wednesday,N
20240906,2024-09-06,2024,3,9,September,2024-09-02,Friday,N
20240907,2024-09-07,2024,3,9,September,2024-09-02,Saturday,N
20240910,2024-09-10,2024,3,9,September,2024-09-09,Tuesday,N
20240913,2024-09-13,2024,3,9,September,2024-09-09,Friday,N
20240917,2024-09-17,2024,3,9,September,2024-09-16,Tuesday,N
20240919,2024-09-19,2024,3,9,September,2024-09-16,Thursday,N
20240920,2024-09-20,2024,3,9,September,2024-09-16,Friday,N
20240925,2024-09-25,2024,3,9,September,2024-09-23,Wednesday,N
20240927,2024-09-27,2024,3,9,September,2024-09-23,Friday,N
20240929,2024-09-29,2024,3,9,September,2024-09-23,Sunday,N
20241007,2024-10-07,2024,4,10,October,2024-10-07,Monday,Y
20241008,2024-10-08,2024,4,10,October,2024-10-07,Tuesday,N
20241012,2024-10-12,2024,4,10,October,2024-10-07,Saturday,N
20241014,2024-10-14,2024,4,10,October,2024-10-14,Monday,Y
20241015,2024-10-15,2024,4,10,October,2024-10-14,Tuesday,N
20241017,2024-10-17,2024,4,10,October,2024-10-14,Thursday,N
20241025,2024-10-25,2024,4,10,October,2024-10-21,Friday,N
20241026,2024-10-26,2024,4,10,October,2024-10-21,Saturday,N
20241027,2024-10-27,2024,4,10,October,2024-10-21,Sunday,N
20241028,2024-10-28,2024,4,10,October,2024-10-28,Monday,Y
20241102,2024-11-02,2024,4,11,November,2024-10-28,Saturday,N
20241103,2024-11-03,2024,4,11,November,2024-10-28,Sunday,N
20241104,2024-11-04,2024,4,11,November,2024-11-04,Monday,Y
20241106,2024-11-06,2024,4,11,November,2024-11-04,Wednesday,N
20241107,2024-11-07,2024,4,11,November,2024-11-04,Thursday,N
20241108,2024-11-08,2024,4,11,November,2024-11-04,Friday,N
20241109,2024-11-09,2024,4,11,November,2024-11-04,Saturday,N
20241113,2024-11-13,2024,4,11,November,2024-11-11,Wednesday,N
20241119,2024-11-19,2024,4,11,November,2024-11-18,Tuesday,N
20241120,2024-11-20,2024,4,11,November,2024-11-18,Wednesday,N
20241121,2024-11-21,2024,4,11,November,2024-11-18,Thursday,N
20241127,2024-11-27,2024,4,11,November,2024-11-25,Wednesday,N
20241130,2024-11-30,2024,4,11,November,2024-11-25,Saturday,N
20241201,2024-12-01,2024,4,12,December,2024-11-25,Sunday,N
20241202,2024-12-02,2024,4,12,December,2024-12-02,Monday,Y
20241204,2024-12-04,2024,4,12,December,2024-12-02,Wednesday,N
20241208,2024-12-08,2024,4,12,December,2024-12-02,Sunday,N
20241211,2024-12-11,2024,4,12,December,2024-12-09,Wednesday,N
20241219,2024-12-19,2024,4,12,December,2024-12-16,Thursday,N
20241221,2024-12-21,2024,4,12,December,2024-12-16,Saturday,N
20241223,2024-12-23,2024,4,12,December,2024-12-23,Monday,Y
20241225,2024-12-25,2024,4,12,December,2024-12-23,Wednesday,N
20241229,2024-12-29,2024,4,12,December,2024-12-23,Sunday,N
20250101,2025-01-01,2025,1,1,January,2024-12-30,Wednesday,N
20250102,2025-01-02,2025,1,1,January,2024-12-30,Thursday,N
20250103,2025-01-03,2025,1,1,January,2024-12-30,Friday,N
20250104,2025-01-04,2025,1,1,January,2024-12-30,Saturday,N
20250105,2025-01-05,2025,1,1,January,2024-12-30,Sunday,N
20250106,2025-01-06,2025,1,1,January,2025-01-06,Monday,Y
20250107,2025-01-07,2025,1,1,January,2025-01-06,Tuesday,N
20250108,2025-01-08,2025,1,1,January,2025-01-06,Wednesday,N
20250109,2025-01-09,2025,1,1,January,2025-01-06,Thursday,N
20250110,2025-01-10,2025,1,1,January,2025-01-06,Friday,N
20250111,2025-01-11,2025,1,1,January,2025-01-06,Saturday,N
20250112,2025-01-12,2025,1,1,January,2025-01-06,Sunday,N
20250113,2025-01-13,2025,1,1,January,2025-01-13,Monday,Y
20250114,2025-01-14,2025,1,1,January,2025-01-13,Tuesday,N
20250115,2025-01-15,2025,1,1,January,2025-01-13,Wednesday,N
20250116,2025-01-16,2025,1,1,January,2025-01-13,Thursday,N
20250117,2025-01-17,2025,1,1,January,2025-01-13,Friday,N
20250118,2025-01-18,2025,1,1,January,2025-01-13,Saturday,N
20250119,2025-01-19,2025,1,1,January,2025-01-13,Sunday,N
20250120,2025-01-20,2025,1,1,January,2025-01-20,Monday,Y
20250121,2025-01-21,2025,1,1,January,2025-01-20,Tuesday,N
20250122,2025-01-22,2025,1,1,January,2025-01-20,Wednesday,N
20250123,2025-01-23,2025,1,1,January,2025-01-20,Thursday,N
20250124,2025-01-24,2025,1,1,January,2025-01-20,Friday,N
20250125,2025-01-25,2025,1,1,January,2025-01-20,Saturday,N
20250126,2025-01-26,2025,1,1,January,2025-01-20,Sunday,N
20250127,2025-01-27,2025,1,1,January,2025-01-27,Monday,Y
20250128,2025-01-28,2025,1,1,January,2025-01-27,Tuesday,N
20250129,2025-01-29,2025,1,1,January,2025-01-27,Wednesday,N
20250130,2025-01-30,2025,1,1,January,2025-01-27,Thursday,N
20250131,2025-01-31,2025,1,1,January,2025-01-27,Friday,N
20250201,2025-02-01,2025,1,2,February,2025-01-27,Saturday,N
20250202,2025-02-02,2025,1,2,February,2025-01-27,Sunday,N
20250203,2025-02-03,2025,1,2,February,2025-02-03,Monday,Y
20250204,2025-02-04,2025,1,2,February,2025-02-03,Tuesday,N
20250205,2025-02-05,2025,1,2,February,2025-02-03,Wednesday,N
20250206,2025-02-06,2025,1,2,February,2025-02-03,Thursday,N
20250207,2025-02-07,2025,1,2,February,2025-02-03,Friday,N
20250208,2025-02-08,2025,1,2,February,2025-02-03,Saturday,N
20250209,2025-02-09,2025,1,2,February,2025-02-03,Sunday,N
20250210,2025-02-10,2025,1,2,February,2025-02-10,Monday,Y
20250211,2025-02-11,2025,1,2,February,2025-02-10,Tuesday,N
20250212,2025-02-12,2025,1,2,February,2025-02-10,Wednesday,N
20250213,2025-02-13,2025,1,2,February,2025-02-10,Thursday,N
20250214,2025-02-14,2025,1,2,February,2025-02-10,Friday,N
20250215,2025-02-15,2025,1,2,February,2025-02-10,Saturday,N
20250216,2025-02-16,2025,1,2,February,2025-02-10,Sunday,N
20250217,2025-02-17,2025,1,2,February,2025-02-17,Monday,Y
20250218,2025-02-18,2025,1,2,February,2025-02-17,Tuesday,N
20250219,2025-02-19,2025,1,2,February,2025-02-17,Wednesday,N
20250220,2025-02-20,2025,1,2,February,2025-02-17,Thursday,N
20250221,2025-02-21,2025,1,2,February,2025-02-17,Friday,N
20250222,2025-02-22,2025,1,2,February,2025-02-17,Saturday,N
20250223,2025-02-23,2025,1,2,February,2025-02-17,Sunday,N
20250224,2025-02-24,2025,1,2,February,2025-02-24,Monday,Y
20250225,2025-02-25,2025,1,2,February,2025-02-24,Tuesday,N
20250226,2025-02-26,2025,1,2,February,2025-02-24,Wednesday,N
20250227,2025-02-27,2025,1,2,February,2025-02-24,Thursday,N
20250228,2025-02-28,2025,1,2,February,2025-02-24,Friday,N
20250301,2025-03-01,2025,1,3,March,2025-02-24,Saturday,N
20250302,2025-03-02,2025,1,3,March,2025-02-24,Sunday,N
20250303,2025-03-03,2025,1,3,March,2025-03-03,Monday,Y
20250304,2025-03-04,2025,1,3,March,2025-03-03,Tuesday,N
20250305,2025-03-05,2025,1,3,March,2025-03-03,Wednesday,N
20250306,2025-03-06,2025,1,3,March,2025-03-03,Thursday,N
20250307,2025-03-07,2025,1,3,March,2025-03-03,Friday,N
20250308,2025-03-08,2025,1,3,March,2025-03-03,Saturday,N
20250309,2025-03-09,2025,1,3,March,2025-03-03,Sunday,N
20250310,2025-03-10,2025,1,3,March,2025-03-10,Monday,Y
20250311,2025-03-11,2025,1,3,March,2025-03-10,Tuesday,N
20250312,2025-03-12,2025,1,3,March,2025-03-10,Wednesday,N
20250313,2025-03-13,2025,1,3,March,2025-03-10,Thursday,N
20250314,2025-03-14,2025,1,3,March,2025-03-10,Friday,N
20250315,2025-03-15,2025,1,3,March,2025-03-10,Saturday,N
20250316,2025-03-16,2025,1,3,March,2025-03-10,Sunday,N
20250317,2025-03-17,2025,1,3,March,2025-03-17,Monday,Y
20250318,2025-03-18,2025,1,3,March,2025-03-17,Tuesday,N
20250319,2025-03-19,2025,1,3,March,2025-03-17,Wednesday,N
20250320,2025-03-20,2025,1,3,March,2025-03-17,Thursday,N
20250321,2025-03-21,2025,1,3,March,2025-03-17,Friday,N
20250322,2025-03-22,2025,1,3,March,2025-03-17,Saturday,N
20250323,2025-03-23,2025,1,3,March,2025-03-17,Sunday,N
20250324,2025-03-24,2025,1,3,March,2025-03-24,Monday,Y
20250325,2025-03-25,2025,1,3,March,2025-03-24,Tuesday,N
20250326,2025-03-26,2025,1,3,March,2025-03-24,Wednesday,N
20250327,2025-03-27,2025,1,3,March,2025-03-24,Thursday,N
20250328,2025-03-28,2025,1,3,March,2025-03-24,Friday,N
20250329,2025-03-29,2025,1,3,March,2025-03-24,Saturday,N
20250330,2025-03-30,2025,1,3,March,2025-03-24,Sunday,N
20250331,2025-03-31,2025,1,3,March,2025-03-31,Monday,Y
20250401,2025-04-01,2025,2,4,April,2025-03-31,Tuesday,N
20250402,2025-04-02,2025,2,4,April,2025-03-31,Wednesday,N
20250403,2025-04-03,2025,2,4,April,2025-03-31,Thursday,N
20250404,2025-04-04,2025,2,4,April,2025-03-31,Friday,N
20250405,2025-04-05,2025,2,4,April,2025-03-31,Saturday,N
20250406,2025-04-06,2025,2,4,April,2025-03-31,Sunday,N
20250407,2025-04-07,2025,2,4,April,2025-04-07,Monday,Y
20250408,2025-04-08,2025,2,4,April,2025-04-07,Tuesday,N
20250409,2025-04-09,2025,2,4,April,2025-04-07,Wednesday,N
20250410,2025-04-10,2025,2,4,April,2025-04-07,Thursday,N
20250411,2025-04-11,2025,2,4,April,2025-04-07,Friday,N
20250412,2025-04-12,2025,2,4,April,2025-04-07,Saturday,N
20250413,2025-04-13,2025,2,4,April,2025-04-07,Sunday,N
20250414,2025-04-14,2025,2,4,April,2025-04-14,Monday,Y
20250415,2025-04-15,2025,2,4,April,2025-04-14,Tuesday,N
20250416,2025-04-16,2025,2,4,April,2025-04-14,Wednesday,N
20250417,2025-04-17,2025,2,4,April,2025-04-14,Thursday,N
20250418,2025-04-18,2025,2,4,April,2025-04-14,Friday,N
20250419,2025-04-19,2025,2,4,April,2025-04-14,Saturday,N
20250420,2025-04-20,2025,2,4,April,2025-04-14,Sunday,N
20250421,2025-04-21,2025,2,4,April,2025-04-21,Monday,Y
20250422,2025-04-22,2025,2,4,April,2025-04-21,Tuesday,N
20250423,2025-04-23,2025,2,4,April,2025-04-21,Wednesday,N
20250424,2025-04-24,2025,2,4,April,2025-04-21,Thursday,N
20250425,2025-04-25,2025,2,4,April,2025-04-21,Friday,N
20250426,2025-04-26,2025,2,4,April,2025-04-21,Saturday,N
20250427,2025-04-27,2025,2,4,April,2025-04-21,Sunday,N
20250428,2025-04-28,2025,2,4,April,2025-04-28,Monday,Y
20250429,2025-04-29,2025,2,4,April,2025-04-28,Tuesday,N
20250430,2025-04-30,2025,2,4,April,2025-04-28,Wednesday,N
20250501,2025-05-01,2025,2,5,May,2025-04-28,Thursday,N
20250502,2025-05-02,2025,2,5,May,2025-04-28,Friday,N
20250503,2025-05-03,2025,2,5,May,2025-04-28,Saturday,N
20250504,2025-05-04,2025,2,5,May,2025-04-28,Sunday,N
20250505,2025-05-05,2025,2,5,May,2025-05-05,Monday,Y
20250506,2025-05-06,2025,2,5,May,2025-05-05,Tuesday,N
20250507,2025-05-07,2025,2,5,May,2025-05-05,Wednesday,N
20250508,2025-05-08,2025,2,5,May,2025-05-05,Thursday,N
20250509,2025-05-09,2025,2,5,May,2025-05-05,Friday,N
20250510,2025-05-10,2025,2,5,May,2025-05-05,Saturday,N
20250511,2025-05-11,2025,2,5,May,2025-05-05,Sunday,N
20250512,2025-05-12,2025,2,5,May,2025-05-12,Monday,Y
20250513,2025-05-13,2025,2,5,May,2025-05-12,Tuesday,N
20250514,2025-05-14,2025,2,5,May,2025-05-12,Wednesday,N
20250515,2025-05-15,2025,2,5,May,2025-05-12,Thursday,N
20250516,2025-05-16,2025,2,5,May,2025-05-12,Friday,N
20250517,2025-05-17,2025,2,5,May,2025-05-12,Saturday,N
20250518,2025-05-18,2025,2,5,May,2025-05-12,Sunday,N
20250519,2025-05-19,2025,2,5,May,2025-05-19,Monday,Y
20250520,2025-05-20,2025,2,5,May,2025-05-19,Tuesday,N
20250521,2025-05-21,2025,2,5,May,2025-05-19,Wednesday,N
20250522,2025-05-22,2025,2,5,May,2025-05-19,Thursday,N
20250523,2025-05-23,2025,2,5,May,2025-05-19,Friday,N
20250524,2025-05-24,2025,2,5,May,2025-05-19,Saturday,N
20250525,2025-05-25,2025,2,5,May,2025-05-19,Sunday,N
20250526,2025-05-26,2025,2,5,May,2025-05-26,Monday,Y
20250527,2025-05-27,2025,2,5,May,2025-05-26,Tuesday,N
20250528,2025-05-28,2025,2,5,May,2025-05-26,Wednesday,N
20250529,2025-05-29,2025,2,5,May,2025-05-26,Thursday,N
20250530,2025-05-30,2025,2,5,May,2025-05-26,Friday,N
20250531,2025-05-31,2025,2,5,May,2025-05-26,Saturday,N
20250601,2025-06-01,2025,2,6,June,2025-05-26,Sunday,N
20250602,2025-06-02,2025,2,6,June,2025-06-02,Monday,Y
20250603,2025-06-03,2025,2,6,June,2025-06-02,Tuesday,N
20250604,2025-06-04,2025,2,6,June,2025-06-02,Wednesday,N
20250605,2025-06-05,2025,2,6,June,2025-06-02,Thursday,N
20250606,2025-06-06,2025,2,6,June,2025-06-02,Friday,N
20250607,2025-06-07,2025,2,6,June,2025-06-02,Saturday,N
20250608,2025-06-08,2025,2,6,June,2025-06-02,Sunday,N
20250609,2025-06-09,2025,2,6,June,2025-06-09,Monday,Y
20250610,2025-06-10,2025,2,6,June,2025-06-09,Tuesday,N
20250611,2025-06-11,2025,2,6,June,2025-06-09,Wednesday,N
20250612,2025-06-12,2025,2,6,June,2025-06-09,Thursday,N
20250613,2025-06-13,2025,2,6,June,2025-06-09,Friday,N
20250614,2025-06-14,2025,2,6,June,2025-06-09,Saturday,N
20250615,2025-06-15,2025,2,6,June,2025-06-09,Sunday,N
20250616,2025-06-16,2025,2,6,June,2025-06-16,Monday,Y
20250617,2025-06-17,2025,2,6,June,2025-06-16,Tuesday,N
20250618,2025-06-18,2025,2,6,June,2025-06-16,Wednesday,N
20250619,2025-06-19,2025,2,6,June,2025-06-16,Thursday,N
20250620,2025-06-20,2025,2,6,June,2025-06-16,Friday,N
20250621,2025-06-21,2025,2,6,June,2025-06-16,Saturday,N
20250622,2025-06-22,2025,2,6,June,2025-06-16,Sunday,N
20250623,2025-06-23,2025,2,6,June,2025-06-23,Monday,Y
20250624,2025-06-24,2025,2,6,June,2025-06-23,Tuesday,N
20250625,2025-06-25,2025,2,6,June,2025-06-23,Wednesday,N
20250626,2025-06-26,2025,2,6,June,2025-06-23,Thursday,N
20250627,2025-06-27,2025,2,6,June,2025-06-23,Friday,N
20250628,2025-06-28,2025,2,6,June,2025-06-23,Saturday,N
20250629,2025-06-29,2025,2,6,June,2025-06-23,Sunday,N
20250630,2025-06-30,2025,2,6,June,2025-06-30,Monday,Y
20250701,2025-07-01,2025,3,7,July,2025-06-30,Tuesday,N
20250702,2025-07-02,2025,3,7,July,2025-06-30,Wednesday,N
20250703,2025-07-03,2025,3,7,July,2025-06-30,Thursday,N
20250704,2025-07-04,2025,3,7,July,2025-06-30,Friday,N
20250705,2025-07-05,2025,3,7,July,2025-06-30,Saturday,N
20250706,2025-07-06,2025,3,7,July,2025-06-30,Sunday,N
20250707,2025-07-07,2025,3,7,July,2025-07-07,Monday,Y
20250708,2025-07-08,2025,3,7,July,2025-07-07,Tuesday,N
20250709,2025-07-09,2025,3,7,July,2025-07-07,Wednesday,N
20250710,2025-07-10,2025,3,7,July,2025-07-07,Thursday,N
20250711,2025-07-11,2025,3,7,July,2025-07-07,Friday,N
20250712,2025-07-12,2025,3,7,July,2025-07-07,Saturday,N
20250713,2025-07-13,2025,3,7,July,2025-07-07,Sunday,N
20250715,2025-07-15,2025,3,7,July,2025-07-14,Tuesday,N
20250716,2025-07-16,2025,3,7,July,2025-07-14,Wednesday,N
20250717,2025-07-17,2025,3,7,July,2025-07-14,Thursday,N
20250718,2025-07-18,2025,3,7,July,2025-07-14,Friday,N
20250720,2025-07-20,2025,3,7,July,2025-07-14,Sunday,N
20250721,2025-07-21,2025,3,7,July,2025-07-21,Monday,Y
20250723,2025-07-23,2025,3,7,July,2025-07-21,Wednesday,N
20250724,2025-07-24,2025,3,7,July,2025-07-21,Thursday,N
20250726,2025-07-26,2025,3,7,July,2025-07-21,Saturday,N
20250727,2025-07-27,2025,3,7,July,2025-07-21,Sunday,N
20250729,2025-07-29,2025,3,7,July,2025-07-28,Tuesday,N
20250730,2025-07-30,2025,3,7,July,2025-07-28,Wednesday,N
20250731,2025-07-31,2025,3,7,July,2025-07-28,Thursday,N
20250801,2025-08-01,2025,3,8,August,2025-07-28,Friday,N
20250802,2025-08-02,2025,3,8,August,2025-07-28,Saturday,N
20250804,2025-08-04,2025,3,8,August,2025-08-04,Monday,Y
20250806,2025-08-06,2025,3,8,August,2025-08-04,Wednesday,N
20250807,2025-08-07,2025,3,8,August,2025-08-04,Thursday,N
20250808,2025-08-08,2025,3,8,August,2025-08-04,Friday,N
20250809,2025-08-09,2025,3,8,August,2025-08-04,Saturday,N
20250810,2025-08-10,2025,3,8,August,2025-08-04,Sunday,N
20250812,2025-08-12,2025,3,8,August,2025-08-11,Tuesday,N
20250813,2025-08-13,2025,3,8,August,2025-08-11,Wednesday,N
20250814,2025-08-14,2025,3,8,August,2025-08-11,Thursday,N
20250815,2025-08-15,2025,3,8,August,2025-08-11,Friday,N
20250817,2025-08-17,2025,3,8,August,2025-08-11,Sunday,N
20250818,2025-08-18,2025,3,8,August,2025-08-18,Monday,Y
20250820,2025-08-20,2025,3,8,August,2025-08-18,Wednesday,N
20250821,2025-08-21,2025,3,8,August,2025-08-18,Thursday,N
20250822,2025-08-22,2025,3,8,August,2025-08-18,Friday,N
20250823,2025-08-23,2025,3,8,August,2025-08-18,Saturday,N
20250824,2025-08-24,2025,3,8,August,2025-08-18,Sunday,N
20250825,2025-08-25,2025,3,8,August,2025-08-25,Monday,Y
20250826,2025-08-26,2025,3,8,August,2025-08-25,Tuesday,N
20250827,2025-08-27,2025,3,8,August,2025-08-25,Wednesday,N
20250828,2025-08-28,2025,3,8,August,2025-08-25,Thursday,N
20250829,2025-08-29,2025,3,8,August,2025-08-25,Friday,N
20250830,2025-08-30,2025,3,8,August,2025-08-25,Saturday,N
20250831,2025-08-31,2025,3,8,August,2025-08-25,Sunday,N
20250902,2025-09-02,2025,3,9,September,2025-09-01,Tuesday,N
20250903,2025-09-03,2025,3,9,September,2025-09-01,Wednesday,N
20250904,2025-09-04,2025,3,9,September,2025-09-01,Thursday,N
20250905,2025-09-05,2025,3,9,September,2025-09-01,Friday,N
20250906,2025-09-06,2025,3,9,September,2025-09-01,Saturday,N
20250907,2025-09-07,2025,3,9,September,2025-09-01,Sunday,N
20250910,2025-09-10,2025,3,9,September,2025-09-08,Wednesday,N
20250911,2025-09-11,2025,3,9,September,2025-09-08,Thursday,N
20250912,2025-09-12,2025,3,9,September,2025-09-08,Friday,N
20250913,2025-09-13,2025,3,9,September,2025-09-08,Saturday,N
20250914,2025-09-14,2025,3,9,September,2025-09-08,Sunday,N
20250915,2025-09-15,2025,3,9,September,2025-09-15,Monday,Y
20250916,2025-09-16,2025,3,9,September,2025-09-15,Tuesday,N
20250917,2025-09-17,2025,3,9,September,2025-09-15,Wednesday,N
20250918,2025-09-18,2025,3,9,September,2025-09-15,Thursday,N
20250919,2025-09-19,2025,3,9,September,2025-09-15,Friday,N
20250920,2025-09-20,2025,3,9,September,2025-09-15,Saturday,N
20250922,2025-09-22,2025,3,9,September,2025-09-22,Monday,Y
20250923,2025-09-23,2025,3,9,September,2025-09-22,Tuesday,N
20250924,2025-09-24,2025,3,9,September,2025-09-22,Wednesday,N
20250925,2025-09-25,2025,3,9,September,2025-09-22,Thursday,N
20250926,2025-09-26,2025,3,9,September,2025-09-22,Friday,N
20250928,2025-09-28,2025,3,9,September,2025-09-22,Sunday,N
20250929,2025-09-29,2025,3,9,September,2025-09-29,Monday,Y
20250930,2025-09-30,2025,3,9,September,2025-09-29,Tuesday,N
20251001,2025-10-01,2025,4,10,October,2025-09-29,Wednesday,N
20251002,2025-10-02,2025,4,10,October,2025-09-29,Thursday,N
20251003,2025-10-03,2025,4,10,October,2025-09-29,Friday,N
20251005,2025-10-05,2025,4,10,October,2025-09-29,Sunday,N
20251006,2025-10-06,2025,4,10,October,2025-10-06,Monday,Y
20251007,2025-10-07,2025,4,10,October,2025-10-06,Tuesday,N
20251009,2025-10-09,2025,4,10,October,2025-10-06,Thursday,N
20251010,2025-10-10,2025,4,10,October,2025-10-06,Friday,N
20251011,2025-10-11,2025,4,10,October,2025-10-06,Saturday,N
20251012,2025-10-12,2025,4,10,October,2025-10-06,Sunday,N
20251013,2025-10-13,2025,4,10,October,2025-10-13,Monday,Y
20251014,2025-10-14,2025,4,10,October,2025-10-13,Tuesday,N
20251015,2025-10-15,2025,4,10,October,2025-10-13,Wednesday,N
20251016,2025-10-16,2025,4,10,October,2025-10-13,Thursday,N
20251017,2025-10-17,2025,4,10,October,2025-10-13,Friday,N
20251018,2025-10-18,2025,4,10,October,2025-10-13,Saturday,N
20251019,2025-10-19,2025,4,10,October,2025-10-13,Sunday,N
20251020,2025-10-20,2025,4,10,October,2025-10-20,Monday,Y
20251021,2025-10-21,2025,4,10,October,2025-10-20,Tuesday,N
20251022,2025-10-22,2025,4,10,October,2025-10-20,Wednesday,N
20251023,2025-10-23,2025,4,10,October,2025-10-20,Thursday,N
20251024,2025-10-24,2025,4,10,October,2025-10-20,Friday,N
20251027,2025-10-27,2025,4,10,October,2025-10-27,Monday,Y
20251029,2025-10-29,2025,4,10,October,2025-10-27,Wednesday,N
20251030,2025-10-30,2025,4,10,October,2025-10-27,Thursday,N
20251031,2025-10-31,2025,4,10,October,2025-10-27,Friday,N
20251101,2025-11-01,2025,4,11,November,2025-10-27,Saturday,N
20251102,2025-11-02,2025,4,11,November,2025-10-27,Sunday,N
20251103,2025-11-03,2025,4,11,November,2025-11-03,Monday,Y
20251104,2025-11-04,2025,4,11,November,2025-11-03,Tuesday,N
20251105,2025-11-05,2025,4,11,November,2025-11-03,Wednesday,N
20251106,2025-11-06,2025,4,11,November,2025-11-03,Thursday,N
20251107,2025-11-07,2025,4,11,November,2025-11-03,Friday,N
20251108,2025-11-08,2025,4,11,November,2025-11-03,Saturday,N
20251109,2025-11-09,2025,4,11,November,2025-11-03,Sunday,N
20251110,2025-11-10,2025,4,11,November,2025-11-10,Monday,Y
20251111,2025-11-11,2025,4,11,November,2025-11-10,Tuesday,N
20251112,2025-11-12,2025,4,11,November,2025-11-10,Wednesday,N
20251113,2025-11-13,2025,4,11,November,2025-11-10,Thursday,N
20251114,2025-11-14,2025,4,11,November,2025-11-10,Friday,N
20251115,2025-11-15,2025,4,11,November,2025-11-10,Saturday,N
20251116,2025-11-16,2025,4,11,November,2025-11-10,Sunday,N
20251117,2025-11-17,2025,4,11,November,2025-11-17,Monday,Y
20251118,2025-11-18,2025,4,11,November,2025-11-17,Tuesday,N
20251119,2025-11-19,2025,4,11,November,2025-11-17,Wednesday,N
20251120,2025-11-20,2025,4,11,November,2025-11-17,Thursday,N
20251121,2025-11-21,2025,4,11,November,2025-11-17,Friday,N
20251122,2025-11-22,2025,4,11,November,2025-11-17,Saturday,N
20251123,2025-11-23,2025,4,11,November,2025-11-17,Sunday,N
20251124,2025-11-24,2025,4,11,November,2025-11-24,Monday,Y
20251125,2025-11-25,2025,4,11,November,2025-11-24,Tuesday,N
20251127,2025-11-27,2025,4,11,November,2025-11-24,Thursday,N
20251128,2025-11-28,2025,4,11,November,2025-11-24,Friday,N
20251129,2025-11-29,2025,4,11,November,2025-11-24,Saturday,N
20251130,2025-11-30,2025,4,11,November,2025-11-24,Sunday,N
20251201,2025-12-01,2025,4,12,December,2025-12-01,Monday,Y
20251202,2025-12-02,2025,4,12,December,2025-12-01,Tuesday,N
20251203,2025-12-03,2025,4,12,December,2025-12-01,Wednesday,N
20251204,2025-12-04,2025,4,12,December,2025-12-01,Thursday,N
20251206,2025-12-06,2025,4,12,December,2025-12-01,Saturday,N
20251208,2025-12-08,2025,4,12,December,2025-12-08,Monday,Y
20251209,2025-12-09,2025,4,12,December,2025-12-08,Tuesday,N
20251211,2025-12-11,2025,4,12,December,2025-12-08,Thursday,N
20251212,2025-12-12,2025,4,12,December,2025-12-08,Friday,N
20251213,2025-12-13,2025,4,12,December,2025-12-08,Saturday,N
20251214,2025-12-14,2025,4,12,December,2025-12-08,Sunday,N
20251215,2025-12-15,2025,4,12,December,2025-12-15,Monday,Y
20251217,2025-12-17,2025,4,12,December,2025-12-15,Wednesday,N
20251219,2025-12-19,2025,4,12,December,2025-12-15,Friday,N
20251220,2025-12-20,2025,4,12,December,2025-12-15,Saturday,N
20251221,2025-12-21,2025,4,12,December,2025-12-15,Sunday,N
20251223,2025-12-23,2025,4,12,December,2025-12-22,Tuesday,N
20251224,2025-12-24,2025,4,12,December,2025-12-22,Wednesday,N
20251225,2025-12-25,2025,4,12,December,2025-12-22,Thursday,N
20251226,2025-12-26,2025,4,12,December,2025-12-22,Friday,N
20251227,2025-12-27,2025,4,12,December,2025-12-22,Saturday,N
20251228,2025-12-28,2025,4,12,December,2025-12-22,Sunday,N
20251229,2025-12-29,2025,4,12,December,2025-12-29,Monday,Y
20251230,2025-12-30,2025,4,12,December,2025-12-29,Tuesday,N
20251231,2025-12-31,2025,4,12,December,2025-12-29,Wednesday,N
20260101,2026-01-01,2026,1,1,January,2025-12-29,Thursday,N
20260102,2026-01-02,2026,1,1,January,2025-12-29,Friday,N
20260103,2026-01-03,2026,1,1,January,2025-12-29,Saturday,N
20260105,2026-01-05,2026,1,1,January,2026-01-05,Monday,Y
20260106,2026-01-06,2026,1,1,January,2026-01-05,Tuesday,N
20260107,2026-01-07,2026,1,1,January,2026-01-05,Wednesday,N
20260108,2026-01-08,2026,1,1,January,2026-01-05,Thursday,N
20260109,2026-01-09,2026,1,1,January,2026-01-05,Friday,N
20260110,2026-01-10,2026,1,1,January,2026-01-05,Saturday,N
20260111,2026-01-11,2026,1,1,January,2026-01-05,Sunday,N
20260113,2026-01-13,2026,1,1,January,2026-01-12,Tuesday,N
20260114,2026-01-14,2026,1,1,January,2026-01-12,Wednesday,N
20260115,2026-01-15,2026,1,1,January,2026-01-12,Thursday,N
20260116,2026-01-16,2026,1,1,January,2026-01-12,Friday,N
20260117,2026-01-17,2026,1,1,January,2026-01-12,Saturday,N
20260118,2026-01-18,2026,1,1,January,2026-01-12,Sunday,N
20260119,2026-01-19,2026,1,1,January,2026-01-19,Monday,Y
20260120,2026-01-20,2026,1,1,January,2026-01-19,Tuesday,N
20260121,2026-01-21,2026,1,1,January,2026-01-19,Wednesday,N
20260123,2026-01-23,2026,1,1,January,2026-01-19,Friday,N
20260124,2026-01-24,2026,1,1,January,2026-01-19,Saturday,N
20260125,2026-01-25,2026,1,1,January,2026-01-19,Sunday,N
20260126,2026-01-26,2026,1,1,January,2026-01-26,Monday,Y
20260127,2026-01-27,2026,1,1,January,2026-01-26,Tuesday,N
20260128,2026-01-28,2026,1,1,January,2026-01-26,Wednesday,N
20260129,2026-01-29,2026,1,1,January,2026-01-26,Thursday,N
20260131,2026-01-31,2026,1,1,January,2026-01-26,Saturday,N
20260201,2026-02-01,2026,1,2,February,2026-01-26,Sunday,N
20260202,2026-02-02,2026,1,2,February,2026-02-02,Monday,Y
20260203,2026-02-03,2026,1,2,February,2026-02-02,Tuesday,N
20260204,2026-02-04,2026,1,2,February,2026-02-02,Wednesday,N
20260206,2026-02-06,2026,1,2,February,2026-02-02,Friday,N
20260207,2026-02-07,2026,1,2,February,2026-02-02,Saturday,N
20260208,2026-02-08,2026,1,2,February,2026-02-02,Sunday,N
20260209,2026-02-09,2026,1,2,February,2026-02-09,Monday,Y
20260211,2026-02-11,2026,1,2,February,2026-02-09,Wednesday,N
20260212,2026-02-12,2026,1,2,February,2026-02-09,Thursday,N
20260213,2026-02-13,2026,1,2,February,2026-02-09,Friday,N
20260214,2026-02-14,2026,1,2,February,2026-02-09,Saturday,N
20260215,2026-02-15,2026,1,2,February,2026-02-09,Sunday,N
20260216,2026-02-16,2026,1,2,February,2026-02-16,Monday,Y
20260217,2026-02-17,2026,1,2,February,2026-02-16,Tuesday,N
20260219,2026-02-19,2026,1,2,February,2026-02-16,Thursday,N
20260220,2026-02-20,2026,1,2,February,2026-02-16,Friday,N
20260221,2026-02-21,2026,1,2,February,2026-02-16,Saturday,N
20260222,2026-02-22,2026,1,2,February,2026-02-16,Sunday,N
20260224,2026-02-24,2026,1,2,February,2026-02-23,Tuesday,N
20260225,2026-02-25,2026,1,2,February,2026-02-23,Wednesday,N
20260227,2026-02-27,2026,1,2,February,2026-02-23,Friday,N
20260301,2026-03-01,2026,1,3,March,2026-02-23,Sunday,N
20260303,2026-03-03,2026,1,3,March,2026-03-02,Tuesday,N
20260304,2026-03-04,2026,1,3,March,2026-03-02,Wednesday,N
20260305,2026-03-05,2026,1,3,March,2026-03-02,Thursday,N
20260306,2026-03-06,2026,1,3,March,2026-03-02,Friday,N
20260307,2026-03-07,2026,1,3,March,2026-03-02,Saturday,N
20260308,2026-03-08,2026,1,3,March,2026-03-02,Sunday,N
20260309,2026-03-09,2026,1,3,March,2026-03-09,Monday,Y
20260311,2026-03-11,2026,1,3,March,2026-03-09,Wednesday,N
20260312,2026-03-12,2026,1,3,March,2026-03-09,Thursday,N
20260314,2026-03-14,2026,1,3,March,2026-03-09,Saturday,N
20260315,2026-03-15,2026,1,3,March,2026-03-09,Sunday,N
20260316,2026-03-16,2026,1,3,March,2026-03-16,Monday,Y
20260317,2026-03-17,2026,1,3,March,2026-03-16,Tuesday,N
20260319,2026-03-19,2026,1,3,March,2026-03-16,Thursday,N
20260320,2026-03-20,2026,1,3,March,2026-03-16,Friday,N
20260321,2026-03-21,2026,1,3,March,2026-03-16,Saturday,N
20260322,2026-03-22,2026,1,3,March,2026-03-16,Sunday,N
20260323,2026-03-23,2026,1,3,March,2026-03-23,Monday,Y
20260324,2026-03-24,2026,1,3,March,2026-03-23,Tuesday,N
20260325,2026-03-25,2026,1,3,March,2026-03-23,Wednesday,N
20260326,2026-03-26,2026,1,3,March,2026-03-23,Thursday,N
20260327,2026-03-27,2026,1,3,March,2026-03-23,Friday,N
20260328,2026-03-28,2026,1,3,March,2026-03-23,Saturday,N
20260329,2026-03-29,2026,1,3,March,2026-03-23,Sunday,N
20260330,2026-03-30,2026,1,3,March,2026-03-30,Monday,Y
20260331,2026-03-31,2026,1,3,March,2026-03-30,Tuesday,N
20260401,2026-04-01,2026,2,4,April,2026-03-30,Wednesday,N
20260402,2026-04-02,2026,2,4,April,2026-03-30,Thursday,N
20260404,2026-04-04,2026,2,4,April,2026-03-30,Saturday,N
20260405,2026-04-05,2026,2,4,April,2026-03-30,Sunday,N
20260407,2026-04-07,2026,2,4,April,2026-04-06,Tuesday,N
20260408,2026-04-08,2026,2,4,April,2026-04-06,Wednesday,N
20260409,2026-04-09,2026,2,4,April,2026-04-06,Thursday,N
20260410,2026-04-10,2026,2,4,April,2026-04-06,Friday,N
20260412,2026-04-12,2026,2,4,April,2026-04-06,Sunday,N
20260413,2026-04-13,2026,2,4,April,2026-04-13,Monday,Y
20260414,2026-04-14,2026,2,4,April,2026-04-13,Tuesday,N
20260415,2026-04-15,2026,2,4,April,2026-04-13,Wednesday,N
20260416,2026-04-16,2026,2,4,April,2026-04-13,Thursday,N
20260417,2026-04-17,2026,2,4,April,2026-04-13,Friday,N
20260419,2026-04-19,2026,2,4,April,2026-04-13,Sunday,N
20260420,2026-04-20,2026,2,4,April,2026-04-20,Monday,Y
20260422,2026-04-22,2026,2,4,April,2026-04-20,Wednesday,N
20260425,2026-04-25,2026,2,4,April,2026-04-20,Saturday,N
20260426,2026-04-26,2026,2,4,April,2026-04-20,Sunday,N
20260427,2026-04-27,2026,2,4,April,2026-04-27,Monday,Y
20260428,2026-04-28,2026,2,4,April,2026-04-27,Tuesday,N
20260429,2026-04-29,2026,2,4,April,2026-04-27,Wednesday,N
20260430,2026-04-30,2026,2,4,April,2026-04-27,Thursday,N
20260501,2026-05-01,2026,2,5,May,2026-04-27,Friday,N
20260502,2026-05-02,2026,2,5,May,2026-04-27,Saturday,N
20260503,2026-05-03,2026,2,5,May,2026-04-27,Sunday,N
20260505,2026-05-05,2026,2,5,May,2026-05-04,Tuesday,N
20260507,2026-05-07,2026,2,5,May,2026-05-04,Thursday,N
20260508,2026-05-08,2026,2,5,May,2026-05-04,Friday,N
20260510,2026-05-10,2026,2,5,May,2026-05-04,Sunday,N
20260511,2026-05-11,2026,2,5,May,2026-05-11,Monday,Y
20260512,2026-05-12,2026,2,5,May,2026-05-11,Tuesday,N
20260513,2026-05-13,2026,2,5,May,2026-05-11,Wednesday,N
20260514,2026-05-14,2026,2,5,May,2026-05-11,Thursday,N
20260515,2026-05-15,2026,2,5,May,2026-05-11,Friday,N
20260518,2026-05-18,2026,2,5,May,2026-05-18,Monday,Y
20260519,2026-05-19,2026,2,5,May,2026-05-18,Tuesday,N
20260520,2026-05-20,2026,2,5,May,2026-05-18,Wednesday,N
20260522,2026-05-22,2026,2,5,May,2026-05-18,Friday,N
20260523,2026-05-23,2026,2,5,May,2026-05-18,Saturday,N
20260525,2026-05-25,2026,2,5,May,2026-05-25,Monday,Y
20260526,2026-05-26,2026,2,5,May,2026-05-25,Tuesday,N
20260527,2026-05-27,2026,2,5,May,2026-05-25,Wednesday,N
20260528,2026-05-28,2026,2,5,May,2026-05-25,Thursday,N
20260529,2026-05-29,2026,2,5,May,2026-05-25,Friday,N
20260531,2026-05-31,2026,2,5,May,2026-05-25,Sunday,N
20260624,2026-06-24,2026,2,6,June,2026-06-22,Wednesday,N
20260625,2026-06-25,2026,2,6,June,2026-06-22,Thursday,N
20260717,2026-07-17,2026,3,7,July,2026-07-13,Friday,N
20260718,2026-07-18,2026,3,7,July,2026-07-13,Saturday,N
