week_start_date,district_id,age_group,eligible_population,appointments_booked,missed_appointments,walk_in_visits,doses_administered,tests_reported,positive_tests,positivity_rate,respiratory_related_ed_visits
2025-01-06,D01,0-4,4300,145,10,18,153,1956,135,0.069,29
2025-01-06,D01,5-17,12029,468,30,47,485,1956,135,0.069,29
2025-01-06,D01,18-44,28648,1162,103,113,1172,1956,135,0.069,29
2025-01-06,D01,45-64,23700,633,50,66,649,1956,135,0.069,29
2025-01-06,D01,65-74,8397,329,30,29,328,1956,135,0.069,29
2025-01-06,D01,75+,5990,230,14,20,236,1956,135,0.069,29
2025-01-06,D02,0-4,6535,167,14,22,175,2061,158,0.0767,39
2025-01-06,D02,5-17,17481,556,50,39,545,2061,158,0.0767,39
2025-01-06,D02,18-44,35047,1245,103,119,1261,2061,158,0.0767,39
2025-01-06,D02,45-64,27623,725,72,65,718,2061,158,0.0767,39
2025-01-06,D02,65-74,8913,377,40,28,365,2061,158,0.0767,39
2025-01-06,D02,75+,5323,265,27,30,268,2061,158,0.0767,39
2025-01-06,D03,0-4,9456,295,24,35,306,3767,258,0.0685,48
2025-01-06,D03,5-17,24681,670,54,61,677,3767,258,0.0685,48
2025-01-06,D03,18-44,53435,1852,149,196,1899,3767,258,0.0685,48
2025-01-06,D03,45-64,31582,1369,107,175,1437,3767,258,0.0685,48
2025-01-06,D03,65-74,11572,696,63,69,702,3767,258,0.0685,48
2025-01-06,D03,75+,7627,443,41,35,437,3767,258,0.0685,48
2025-01-06,D04,0-4,4338,146,10,11,147,1666,120,0.072,30
2025-01-06,D04,5-17,13337,559,44,45,560,1666,120,0.072,30
2025-01-06,D04,18-44,25384,1005,85,71,991,1666,120,0.072,30
2025-01-06,D04,45-64,16683,713,53,73,733,1666,120,0.072,30
2025-01-06,D04,65-74,6973,404,22,60,442,1666,120,0.072,30
2025-01-06,D04,75+,5182,324,21,26,329,1666,120,0.072,30
2025-01-06,D05,0-4,3872,134,9,17,142,1443,59,0.0409,16
2025-01-06,D05,5-17,10605,352,24,25,353,1443,59,0.0409,16
2025-01-06,D05,18-44,24478,1060,82,75,1053,1443,59,0.0409,16
2025-01-06,D05,45-64,17842,496,37,42,501,1443,59,0.0409,16
2025-01-06,D05,65-74,5686,287,19,35,303,1443,59,0.0409,16
2025-01-06,D05,75+,4350,268,19,31,280,1443,59,0.0409,16
2025-01-13,D01,0-4,5701,188,15,21,194,2209,159,0.072,33
2025-01-13,D01,5-17,14489,401,29,34,406,2209,159,0.072,33
2025-01-13,D01,18-44,27667,1171,94,104,1181,2209,159,0.072,33
2025-01-13,D01,45-64,23362,705,63,60,702,2209,159,0.072,33
2025-01-13,D01,65-74,7032,328,21,39,346,2209,159,0.072,33
2025-01-13,D01,75+,5460,260,17,37,280,2209,159,0.072,33
2025-01-13,D02,0-4,5862,182,16,24,190,2727,243,0.0891,43
2025-01-13,D02,5-17,17183,634,61,79,652,2727,243,0.0891,43
2025-01-13,D02,18-44,45048,1384,139,174,1419,2727,243,0.0891,43
2025-01-13,D02,45-64,29350,1094,98,86,1082,2727,243,0.0891,43
2025-01-13,D02,65-74,8499,448,41,34,441,2727,243,0.0891,43
2025-01-13,D02,75+,6692,379,31,39,387,2727,243,0.0891,43
2025-01-13,D03,0-4,9595,255,20,34,269,3244,245,0.0755,58
2025-01-13,D03,5-17,24165,997,77,90,1010,3244,245,0.0755,58
2025-01-13,D03,18-44,54961,2258,247,301,2312,3244,245,0.0755,58
2025-01-13,D03,45-64,36664,1114,102,121,1133,3244,245,0.0755,58
2025-01-13,D03,65-74,14831,565,43,41,563,3244,245,0.0755,58
2025-01-13,D03,75+,10043,592,52,82,622,3244,245,0.0755,58
2025-01-13,D04,0-4,5271,167,13,24,178,1858,120,0.0646,25
2025-01-13,D04,5-17,11255,378,26,44,396,1858,120,0.0646,25
2025-01-13,D04,18-44,34159,1518,120,147,1545,1858,120,0.0646,25
2025-01-13,D04,45-64,20002,915,68,121,968,1858,120,0.0646,25
2025-01-13,D04,65-74,7029,443,33,36,446,1858,120,0.0646,25
2025-01-13,D04,75+,4895,189,11,24,202,1858,120,0.0646,25
2025-01-13,D05,0-4,4043,158,11,15,162,1536,126,0.082,28
2025-01-13,D05,5-17,8787,376,22,37,391,1536,126,0.082,28
2025-01-13,D05,18-44,29321,1019,100,112,1031,1536,126,0.082,28
2025-01-13,D05,45-64,15345,646,46,58,658,1536,126,0.082,28
2025-01-13,D05,65-74,5704,339,19,41,361,1536,126,0.082,28
2025-01-13,D05,75+,4864,263,22,37,278,1536,126,0.082,28
2025-01-20,D01,0-4,4911,148,14,10,144,2249,194,0.0863,45
2025-01-20,D01,5-17,12626,540,36,67,571,2249,194,0.0863,45
2025-01-20,D01,18-44,37202,1101,92,126,1135,2249,194,0.0863,45
2025-01-20,D01,45-64,19677,608,34,60,634,2249,194,0.0863,45
2025-01-20,D01,65-74,7084,444,27,59,476,2249,194,0.0863,45
2025-01-20,D01,75+,6051,395,34,34,395,2249,194,0.0863,45
2025-01-20,D02,0-4,5531,170,12,23,181,3467,265,0.0764,66
2025-01-20,D02,5-17,15108,560,55,46,551,3467,265,0.0764,66
2025-01-20,D02,18-44,43142,1806,159,247,1894,3467,265,0.0764,66
2025-01-20,D02,45-64,24952,812,76,66,802,3467,265,0.0764,66
2025-01-20,D02,65-74,10854,650,70,94,674,3467,265,0.0764,66
2025-01-20,D02,75+,6198,249,21,33,261,3467,265,0.0764,66
2025-01-20,D03,0-4,7228,277,27,39,289,4271,455,0.1065,99
2025-01-20,D03,5-17,19783,819,56,79,842,4271,455,0.1065,99
2025-01-20,D03,18-44,49875,2094,183,273,2184,4271,455,0.1065,99
2025-01-20,D03,45-64,33983,1145,82,119,1182,4271,455,0.1065,99
2025-01-20,D03,65-74,11092,468,37,36,467,4271,455,0.1065,99
2025-01-20,D03,75+,8805,490,42,52,500,4271,455,0.1065,99
2025-01-20,D04,0-4,5187,229,16,25,238,2072,183,0.0883,41
2025-01-20,D04,5-17,10122,320,26,47,341,2072,183,0.0883,41
2025-01-20,D04,18-44,33529,1395,126,127,1396,2072,183,0.0883,41
2025-01-20,D04,45-64,16496,510,27,50,533,2072,183,0.0883,41
2025-01-20,D04,65-74,6074,269,18,19,270,2072,183,0.0883,41
2025-01-20,D04,75+,5390,338,25,42,355,2072,183,0.0883,41
2025-01-20,D05,0-4,3181,116,9,15,122,1921,163,0.0849,35
2025-01-20,D05,5-17,9589,349,25,24,348,1921,163,0.0849,35
2025-01-20,D05,18-44,24514,793,49,90,834,1921,163,0.0849,35
2025-01-20,D05,45-64,16306,762,53,95,804,1921,163,0.0849,35
2025-01-20,D05,65-74,5246,329,31,33,331,1921,163,0.0849,35
2025-01-20,D05,75+,3834,245,18,25,252,1921,163,0.0849,35
2025-01-27,D01,0-4,4642,218,15,19,222,2684,235,0.0876,53
2025-01-27,D01,5-17,13668,497,45,51,503,2684,235,0.0876,53
2025-01-27,D01,18-44,34129,1566,142,134,1558,2684,235,0.0876,53
2025-01-27,D01,45-64,21139,703,34,82,751,2684,235,0.0876,53
2025-01-27,D01,65-74,9004,372,26,36,382,2684,235,0.0876,53
2025-01-27,D01,75+,6007,401,35,47,413,2684,235,0.0876,53
2025-01-27,D02,0-4,5469,224,19,25,230,3720,408,0.1097,91
2025-01-27,D02,5-17,15477,570,53,74,591,3720,408,0.1097,91
2025-01-27,D02,18-44,39301,1641,152,216,1705,3720,408,0.1097,91
2025-01-27,D02,45-64,28485,989,91,90,988,3720,408,0.1097,91
2025-01-27,D02,65-74,10763,488,41,72,519,3720,408,0.1097,91
2025-01-27,D02,75+,6346,349,30,44,363,3720,408,0.1097,91
2025-01-27,D03,0-4,8343,350,28,38,360,5351,566,0.1058,113
2025-01-27,D03,5-17,21465,653,69,91,675,5351,566,0.1058,113
2025-01-27,D03,18-44,57684,2655,218,288,2725,5351,566,0.1058,113
2025-01-27,D03,45-64,34181,1376,111,111,1376,5351,566,0.1058,113
2025-01-27,D03,65-74,12278,763,68,55,750,5351,566,0.1058,113
2025-01-27,D03,75+,8676,399,33,42,408,5351,566,0.1058,113
2025-01-27,D04,0-4,5203,177,12,21,186,2485,237,0.0954,47
2025-01-27,D04,5-17,12807,420,27,51,444,2485,237,0.0954,47
2025-01-27,D04,18-44,30787,1293,96,117,1314,2485,237,0.0954,47
2025-01-27,D04,45-64,22223,1032,84,109,1057,2485,237,0.0954,47
2025-01-27,D04,65-74,7857,408,32,38,414,2485,237,0.0954,47
2025-01-27,D04,75+,5587,316,16,44,344,2485,237,0.0954,47
2025-01-27,D05,0-4,4461,140,9,18,149,2299,206,0.0896,38
2025-01-27,D05,5-17,11241,345,28,34,351,2299,206,0.0896,38
2025-01-27,D05,18-44,23215,1078,69,82,1091,2299,206,0.0896,38
2025-01-27,D05,45-64,18062,834,72,73,835,2299,206,0.0896,38
2025-01-27,D05,65-74,5215,315,26,22,311,2299,206,0.0896,38
2025-01-27,D05,75+,4414,238,18,34,254,2299,206,0.0896,38
2025-02-03,D01,0-4,5413,201,15,22,208,3331,267,0.0802,59
2025-02-03,D01,5-17,14572,548,42,64,570,3331,267,0.0802,59
2025-02-03,D01,18-44,32273,1535,110,222,1647,3331,267,0.0802,59
2025-02-03,D01,45-64,18186,792,53,109,848,3331,267,0.0802,59
2025-02-03,D01,65-74,8450,433,31,31,433,3331,267,0.0802,59
2025-02-03,D01,75+,4570,244,19,35,260,3331,267,0.0802,59
2025-02-03,D02,0-4,6060,263,24,32,271,3735,408,0.1092,89
2025-02-03,D02,5-17,17928,825,75,95,845,3735,408,0.1092,89
2025-02-03,D02,18-44,40795,1415,105,190,1500,3735,408,0.1092,89
2025-02-03,D02,45-64,26427,867,79,99,887,3735,408,0.1092,89
2025-02-03,D02,65-74,7766,407,43,58,422,3735,408,0.1092,89
2025-02-03,D02,75+,6008,243,21,17,239,3735,408,0.1092,89
2025-02-03,D03,0-4,8498,255,22,18,251,4414,466,0.1056,135
2025-02-03,D03,5-17,20703,662,54,89,697,4414,466,0.1056,135
2025-02-03,D03,18-44,55929,2038,181,150,2007,4414,466,0.1056,135
2025-02-03,D03,45-64,31120,1025,100,134,1059,4414,466,0.1056,135
2025-02-03,D03,65-74,11472,751,55,59,755,4414,466,0.1056,135
2025-02-03,D03,75+,9878,423,34,30,419,4414,466,0.1056,135
2025-02-03,D04,0-4,4748,237,16,18,239,2802,236,0.0842,70
2025-02-03,D04,5-17,12137,422,32,37,427,2802,236,0.0842,70
2025-02-03,D04,18-44,32995,1518,132,132,1518,2802,236,0.0842,70
2025-02-03,D04,45-64,20349,829,62,66,833,2802,236,0.0842,70
2025-02-03,D04,65-74,6545,361,22,33,372,2802,236,0.0842,70
2025-02-03,D04,75+,5647,312,22,40,330,2802,236,0.0842,70
2025-02-03,D05,0-4,3763,191,15,18,194,2382,196,0.0823,49
2025-02-03,D05,5-17,11636,519,36,38,521,2382,196,0.0823,49
2025-02-03,D05,18-44,22163,1009,68,146,1087,2382,196,0.0823,49
2025-02-03,D05,45-64,17075,826,72,99,853,2382,196,0.0823,49
2025-02-03,D05,65-74,6563,320,21,36,335,2382,196,0.0823,49
2025-02-03,D05,75+,3610,198,12,14,200,2382,196,0.0823,49
2025-02-10,D01,0-4,4164,213,20,28,221,3491,383,0.1097,88
2025-02-10,D01,5-17,12489,485,37,40,488,3491,383,0.1097,88
2025-02-10,D01,18-44,31871,1322,116,177,1383,3491,383,0.1097,88
2025-02-10,D01,45-64,22108,1124,77,149,1196,3491,383,0.1097,88
2025-02-10,D01,65-74,8257,513,40,69,542,3491,383,0.1097,88
2025-02-10,D01,75+,4880,235,20,19,234,3491,383,0.1097,88
2025-02-10,D02,0-4,6117,243,20,30,253,3298,307,0.0931,72
2025-02-10,D02,5-17,17982,714,75,76,715,3298,307,0.0931,72
2025-02-10,D02,18-44,35046,1686,108,140,1718,3298,307,0.0931,72
2025-02-10,D02,45-64,29069,1280,123,155,1312,3298,307,0.0931,72
2025-02-10,D02,65-74,8571,464,38,50,476,3298,307,0.0931,72
2025-02-10,D02,75+,5317,294,29,23,288,3298,307,0.0931,72
2025-02-10,D03,0-4,7259,275,25,28,278,5646,577,0.1022,104
2025-02-10,D03,5-17,22721,951,70,91,972,5646,577,0.1022,104
2025-02-10,D03,18-44,48694,2035,137,291,2189,5646,577,0.1022,104
2025-02-10,D03,45-64,35944,1196,115,156,1237,5646,577,0.1022,104
2025-02-10,D03,65-74,14628,696,56,92,732,5646,577,0.1022,104
2025-02-10,D03,75+,8889,411,33,31,409,5646,577,0.1022,104
2025-02-10,D04,0-4,3935,191,13,23,201,2435,233,0.0957,67
2025-02-10,D04,5-17,13519,550,47,78,581,2435,233,0.0957,67
2025-02-10,D04,18-44,30125,1500,96,105,1509,2435,233,0.0957,67
2025-02-10,D04,45-64,18390,781,50,74,805,2435,233,0.0957,67
2025-02-10,D04,65-74,6742,401,33,46,414,2435,233,0.0957,67
2025-02-10,D04,75+,4984,338,24,36,350,2435,233,0.0957,67
2025-02-10,D05,0-4,4455,240,17,16,239,2300,201,0.0874,54
2025-02-10,D05,5-17,11751,410,28,58,440,2300,201,0.0874,54
2025-02-10,D05,18-44,24881,1188,75,159,1272,2300,201,0.0874,54
2025-02-10,D05,45-64,16783,565,44,40,561,2300,201,0.0874,54
2025-02-10,D05,65-74,5196,367,26,33,374,2300,201,0.0874,54
2025-02-10,D05,75+,3669,234,17,33,250,2300,201,0.0874,54
2025-02-17,D01,0-4,4812,256,16,23,263,2940,340,0.1156,96
2025-02-17,D01,5-17,15010,740,58,53,735,2940,340,0.1156,96
2025-02-17,D01,18-44,28401,1255,97,113,1271,2940,340,0.1156,96
2025-02-17,D01,45-64,23828,821,58,96,859,2940,340,0.1156,96
2025-02-17,D01,65-74,7516,350,19,29,360,2940,340,0.1156,96
2025-02-17,D01,75+,5834,315,24,35,326,2940,340,0.1156,96
2025-02-17,D02,0-4,5516,214,20,21,215,4329,444,0.1026,114
2025-02-17,D02,5-17,17904,933,79,92,946,4329,444,0.1026,114
2025-02-17,D02,18-44,43223,1990,154,185,2021,4329,444,0.1026,114
2025-02-17,D02,45-64,28280,929,64,131,996,4329,444,0.1026,114
2025-02-17,D02,65-74,10180,643,62,84,665,4329,444,0.1026,114
2025-02-17,D02,75+,7253,319,30,47,336,4329,444,0.1026,114
2025-02-17,D03,0-4,7673,381,36,54,399,5361,502,0.0936,149
2025-02-17,D03,5-17,21867,1075,93,100,1082,5361,502,0.0936,149
2025-02-17,D03,18-44,48680,2192,180,259,2271,5361,502,0.0936,149
2025-02-17,D03,45-64,37523,1463,119,167,1511,5361,502,0.0936,149
2025-02-17,D03,65-74,12997,661,55,81,687,5361,502,0.0936,149
2025-02-17,D03,75+,9596,461,31,48,478,5361,502,0.0936,149
2025-02-17,D04,0-4,4491,199,16,22,205,2886,272,0.0942,51
2025-02-17,D04,5-17,11283,432,24,61,469,2886,272,0.0942,51
2025-02-17,D04,18-44,33980,1211,91,89,1209,2886,272,0.0942,51
2025-02-17,D04,45-64,22730,1051,75,126,1102,2886,272,0.0942,51
2025-02-17,D04,65-74,6367,364,20,36,380,2886,272,0.0942,51
2025-02-17,D04,75+,5419,388,38,36,386,2886,272,0.0942,51
2025-02-17,D05,0-4,3399,146,8,14,152,2771,276,0.0996,62
2025-02-17,D05,5-17,8708,336,23,25,338,2771,276,0.0996,62
2025-02-17,D05,18-44,21104,1013,66,79,1026,2771,276,0.0996,62
2025-02-17,D05,45-64,16766,752,55,65,762,2771,276,0.0996,62
2025-02-17,D05,65-74,5628,303,21,24,306,2771,276,0.0996,62
2025-02-17,D05,75+,3909,213,15,27,225,2771,276,0.0996,62
2025-02-24,D01,0-4,4819,256,19,28,265,3085,318,0.1031,61
2025-02-24,D01,5-17,14892,760,60,104,804,3085,318,0.1031,61
2025-02-24,D01,18-44,31989,1645,93,118,1670,3085,318,0.1031,61
2025-02-24,D01,45-64,22780,1134,75,144,1203,3085,318,0.1031,61
2025-02-24,D01,65-74,8405,678,69,58,667,3085,318,0.1031,61
2025-02-24,D01,75+,4546,257,17,35,275,3085,318,0.1031,61
2025-02-24,D02,0-4,6618,348,33,32,347,4002,433,0.1082,126
2025-02-24,D02,5-17,15019,816,83,96,829,4002,433,0.1082,126
2025-02-24,D02,18-44,39993,1859,131,159,1887,4002,433,0.1082,126
2025-02-24,D02,45-64,27728,1346,101,116,1361,4002,433,0.1082,126
2025-02-24,D02,65-74,10594,748,64,83,767,4002,433,0.1082,126
2025-02-24,D02,75+,6755,371,27,50,394,4002,433,0.1082,126
2025-02-24,D03,0-4,7980,338,30,44,352,5125,499,0.0974,117
2025-02-24,D03,5-17,21088,1041,80,89,1050,5125,499,0.0974,117
2025-02-24,D03,18-44,53942,2663,236,399,2826,5125,499,0.0974,117
2025-02-24,D03,45-64,39932,1989,176,212,2025,5125,499,0.0974,117
2025-02-24,D03,65-74,13829,899,89,104,914,5125,499,0.0974,117
2025-02-24,D03,75+,9091,544,48,78,574,5125,499,0.0974,117
2025-02-24,D04,0-4,4245,217,13,22,226,2616,236,0.0902,43
2025-02-24,D04,5-17,12527,645,49,70,666,2616,236,0.0902,43
2025-02-24,D04,18-44,30820,1422,102,129,1449,2616,236,0.0902,43
2025-02-24,D04,45-64,20758,926,77,120,969,2616,236,0.0902,43
2025-02-24,D04,65-74,7498,462,36,64,490,2616,236,0.0902,43
2025-02-24,D04,75+,5474,344,26,40,358,2616,236,0.0902,43
2025-02-24,D05,0-4,3438,163,13,24,174,2691,262,0.0974,65
2025-02-24,D05,5-17,10517,374,25,50,399,2691,262,0.0974,65
2025-02-24,D05,18-44,29012,1062,75,119,1106,2691,262,0.0974,65
2025-02-24,D05,45-64,14517,834,69,115,880,2691,262,0.0974,65
2025-02-24,D05,65-74,5202,329,27,32,334,2691,262,0.0974,65
2025-02-24,D05,75+,4562,276,17,40,299,2691,262,0.0974,65
2025-03-03,D01,0-4,5195,213,19,22,216,3320,358,0.1078,85
2025-03-03,D01,5-17,13118,520,44,64,540,3320,358,0.1078,85
2025-03-03,D01,18-44,36371,1320,120,174,1374,3320,358,0.1078,85
2025-03-03,D01,45-64,23937,1393,119,146,1420,3320,358,0.1078,85
2025-03-03,D01,65-74,6407,338,29,33,342,3320,358,0.1078,85
2025-03-03,D01,75+,5004,251,21,36,266,3320,358,0.1078,85
2025-03-03,D02,0-4,5149,187,20,20,187,4073,410,0.1007,115
2025-03-03,D02,5-17,16393,730,62,81,749,4073,410,0.1007,115
2025-03-03,D02,18-44,44089,1583,133,210,1660,4073,410,0.1007,115
2025-03-03,D02,45-64,27040,1204,104,176,1276,4073,410,0.1007,115
2025-03-03,D02,65-74,10341,595,59,46,582,4073,410,0.1007,115
2025-03-03,D02,75+,5783,382,35,41,388,4073,410,0.1007,115
2025-03-03,D03,0-4,7242,312,27,45,330,5126,488,0.0952,93
2025-03-03,D03,5-17,25502,1367,107,162,1422,5126,488,0.0952,93
2025-03-03,D03,18-44,58602,2479,192,197,2484,5126,488,0.0952,93
2025-03-03,D03,45-64,35633,1779,121,241,1899,5126,488,0.0952,93
2025-03-03,D03,65-74,15339,1235,104,148,1279,5126,488,0.0952,93
2025-03-03,D03,75+,8387,465,40,35,460,5126,488,0.0952,93
2025-03-03,D04,0-4,3998,229,17,25,237,2454,233,0.0949,48
2025-03-03,D04,5-17,11544,644,45,59,658,2454,233,0.0949,48
2025-03-03,D04,18-44,28146,1319,103,190,1406,2454,233,0.0949,48
2025-03-03,D04,45-64,19682,1148,83,114,1179,2454,233,0.0949,48
2025-03-03,D04,65-74,6051,436,31,34,439,2454,233,0.0949,48
2025-03-03,D04,75+,4408,364,25,48,387,2454,233,0.0949,48
2025-03-03,D05,0-4,3202,128,7,10,131,2616,255,0.0975,51
2025-03-03,D05,5-17,9344,355,25,49,379,2616,255,0.0975,51
2025-03-03,D05,18-44,22411,1029,79,144,1094,2616,255,0.0975,51
2025-03-03,D05,45-64,19074,1052,51,151,1152,2616,255,0.0975,51
2025-03-03,D05,65-74,5559,304,23,33,314,2616,255,0.0975,51
2025-03-03,D05,75+,3583,283,18,32,297,2616,255,0.0975,51
2025-03-10,D01,0-4,5724,246,20,23,249,2607,216,0.0829,42
2025-03-10,D01,5-17,12222,489,34,40,495,2607,216,0.0829,42
2025-03-10,D01,18-44,32540,1885,144,164,1905,2607,216,0.0829,42
2025-03-10,D01,45-64,18290,1065,95,155,1125,2607,216,0.0829,42
2025-03-10,D01,65-74,6835,389,33,42,398,2607,216,0.0829,42
2025-03-10,D01,75+,5118,401,30,42,413,2607,216,0.0829,42
2025-03-10,D02,0-4,6569,271,26,40,285,2947,268,0.0909,78
2025-03-10,D02,5-17,15737,553,55,79,577,2947,268,0.0909,78
2025-03-10,D02,18-44,33938,1430,134,185,1481,2947,268,0.0909,78
2025-03-10,D02,45-64,27743,1575,145,177,1607,2947,268,0.0909,78
2025-03-10,D02,65-74,9768,753,67,109,795,2947,268,0.0909,78
2025-03-10,D02,75+,5514,277,25,26,278,2947,268,0.0909,78
2025-03-10,D03,0-4,8709,454,40,64,478,5040,468,0.0929,102
2025-03-10,D03,5-17,21322,1038,98,150,1090,5040,468,0.0929,102
2025-03-10,D03,18-44,48236,1841,165,157,1833,5040,468,0.0929,102
2025-03-10,D03,45-64,39549,2109,157,226,2178,5040,468,0.0929,102
2025-03-10,D03,65-74,13135,681,56,92,717,5040,468,0.0929,102
2025-03-10,D03,75+,9573,503,43,61,521,5040,468,0.0929,102
2025-03-10,D04,0-4,4840,192,11,28,209,2292,229,0.0999,66
2025-03-10,D04,5-17,13368,592,44,42,590,2292,229,0.0999,66
2025-03-10,D04,18-44,26410,1013,65,100,1048,2292,229,0.0999,66
2025-03-10,D04,45-64,18951,934,82,98,950,2292,229,0.0999,66
2025-03-10,D04,65-74,6969,591,41,43,593,2292,229,0.0999,66
2025-03-10,D04,75+,5121,312,23,46,335,2292,229,0.0999,66
2025-03-10,D05,0-4,3264,126,6,13,133,2443,246,0.1007,58
2025-03-10,D05,5-17,11422,643,43,51,651,2443,246,0.1007,58
2025-03-10,D05,18-44,29233,1355,97,200,1458,2443,246,0.1007,58
2025-03-10,D05,45-64,18952,1041,70,73,1044,2443,246,0.1007,58
2025-03-10,D05,65-74,6902,535,35,48,548,2443,246,0.1007,58
2025-03-10,D05,75+,3445,276,22,36,290,2443,246,0.1007,58
2025-03-17,D01,0-4,5203,262,13,23,272,2219,177,0.0798,38
2025-03-17,D01,5-17,14005,762,73,87,776,2219,177,0.0798,38
2025-03-17,D01,18-44,36008,1891,167,203,1927,2219,177,0.0798,38
2025-03-17,D01,45-64,20358,770,58,107,819,2219,177,0.0798,38
2025-03-17,D01,65-74,8080,482,38,57,501,2219,177,0.0798,38
2025-03-17,D01,75+,4907,403,30,29,402,2219,177,0.0798,38
2025-03-17,D02,0-4,5305,207,18,23,212,2538,215,0.0847,61
2025-03-17,D02,5-17,16266,829,71,78,836,2538,215,0.0847,61
2025-03-17,D02,18-44,41448,1968,188,211,1991,2538,215,0.0847,61
2025-03-17,D02,45-64,26558,1283,121,149,1311,2538,215,0.0847,61
2025-03-17,D02,65-74,8463,541,57,44,528,2538,215,0.0847,61
2025-03-17,D02,75+,5440,351,31,48,368,2538,215,0.0847,61
2025-03-17,D03,0-4,8185,464,35,40,469,3967,367,0.0925,107
2025-03-17,D03,5-17,24565,1366,109,164,1421,3967,367,0.0925,107
2025-03-17,D03,18-44,53534,1947,132,145,1960,3967,367,0.0925,107
2025-03-17,D03,45-64,39392,1729,123,140,1746,3967,367,0.0925,107
2025-03-17,D03,65-74,11107,696,60,60,696,3967,367,0.0925,107
2025-03-17,D03,75+,9002,741,63,93,771,3967,367,0.0925,107
2025-03-17,D04,0-4,4691,276,16,22,282,2282,161,0.0706,30
2025-03-17,D04,5-17,9835,478,36,45,487,2282,161,0.0706,30
2025-03-17,D04,18-44,25724,1434,122,107,1419,2282,161,0.0706,30
2025-03-17,D04,45-64,16887,760,41,102,821,2282,161,0.0706,30
2025-03-17,D04,65-74,8038,694,61,64,697,2282,161,0.0706,30
2025-03-17,D04,75+,4494,291,25,41,307,2282,161,0.0706,30
2025-03-17,D05,0-4,3310,159,10,11,160,2040,157,0.077,37
2025-03-17,D05,5-17,8889,425,29,41,437,2040,157,0.077,37
2025-03-17,D05,18-44,23539,1241,71,141,1311,2040,157,0.077,37
2025-03-17,D05,45-64,15207,683,35,65,713,2040,157,0.077,37
2025-03-17,D05,65-74,6913,458,36,53,475,2040,157,0.077,37
2025-03-17,D05,75+,3889,274,17,25,282,2040,157,0.077,37
2025-03-24,D01,0-4,4205,241,18,18,241,2151,151,0.0702,29
2025-03-24,D01,5-17,11723,604,42,60,622,2151,151,0.0702,29
2025-03-24,D01,18-44,26935,1549,98,167,1618,2151,151,0.0702,29
2025-03-24,D01,45-64,23066,937,69,128,996,2151,151,0.0702,29
2025-03-24,D01,65-74,7188,576,40,54,590,2151,151,0.0702,29
2025-03-24,D01,75+,4445,228,17,18,229,2151,151,0.0702,29
2025-03-24,D02,0-4,6329,234,26,28,236,2304,205,0.089,45
2025-03-24,D02,5-17,15794,692,66,65,691,2304,205,0.089,45
2025-03-24,D02,18-44,39901,2073,213,163,2023,2304,205,0.089,45
2025-03-24,D02,45-64,29764,1274,95,103,1282,2304,205,0.089,45
2025-03-24,D02,65-74,9984,695,54,97,738,2304,205,0.089,45
2025-03-24,D02,75+,7529,448,38,46,456,2304,205,0.089,45
2025-03-24,D03,0-4,7256,335,29,35,341,3544,293,0.0827,73
2025-03-24,D03,5-17,25171,1006,87,71,990,3544,293,0.0827,73
2025-03-24,D03,18-44,57917,3168,291,263,3140,3544,293,0.0827,73
2025-03-24,D03,45-64,41958,2065,182,302,2185,3544,293,0.0827,73
2025-03-24,D03,65-74,11357,904,85,72,891,3544,293,0.0827,73
2025-03-24,D03,75+,9278,640,55,66,651,3544,293,0.0827,73
2025-03-24,D04,0-4,5017,197,16,26,207,2382,174,0.073,34
2025-03-24,D04,5-17,11318,550,45,44,549,2382,174,0.073,34
2025-03-24,D04,18-44,26429,1328,98,110,1340,2382,174,0.073,34
2025-03-24,D04,45-64,18810,998,84,126,1040,2382,174,0.073,34
2025-03-24,D04,65-74,6220,516,35,71,552,2382,174,0.073,34
2025-03-24,D04,75+,4520,339,26,24,337,2382,174,0.073,34
2025-03-24,D05,0-4,3582,221,14,20,227,1654,136,0.0822,26
2025-03-24,D05,5-17,11128,469,30,40,479,1654,136,0.0822,26
2025-03-24,D05,18-44,25520,1224,98,112,1238,1654,136,0.0822,26
2025-03-24,D05,45-64,16768,1028,75,132,1085,1654,136,0.0822,26
2025-03-24,D05,65-74,6948,457,37,42,462,1654,136,0.0822,26
2025-03-24,D05,75+,4831,291,20,39,310,1654,136,0.0822,26
2025-03-31,D01,0-4,5415,240,17,20,243,2201,154,0.07,44
2025-03-31,D01,5-17,14823,684,48,87,723,2201,154,0.07,44
2025-03-31,D01,18-44,28285,1499,151,194,1542,2201,154,0.07,44
2025-03-31,D01,45-64,22859,1308,78,142,1372,2201,154,0.07,44
2025-03-31,D01,65-74,8499,706,59,77,724,2201,154,0.07,44
2025-03-31,D01,75+,5989,380,26,26,380,2201,154,0.07,44
2025-03-31,D02,0-4,6863,273,28,20,265,2275,181,0.0796,46
2025-03-31,D02,5-17,15588,680,48,70,702,2275,181,0.0796,46
2025-03-31,D02,18-44,38004,1627,167,177,1637,2275,181,0.0796,46
2025-03-31,D02,45-64,27229,1453,131,190,1512,2275,181,0.0796,46
2025-03-31,D02,65-74,10405,636,67,82,651,2275,181,0.0796,46
2025-03-31,D02,75+,6609,419,36,61,444,2275,181,0.0796,46
2025-03-31,D03,0-4,8985,355,31,46,370,3846,297,0.0772,59
2025-03-31,D03,5-17,19287,684,66,57,675,3846,297,0.0772,59
2025-03-31,D03,18-44,54501,2811,226,317,2902,3846,297,0.0772,59
2025-03-31,D03,45-64,33169,1364,138,96,1322,3846,297,0.0772,59
2025-03-31,D03,65-74,14415,1053,86,101,1068,3846,297,0.0772,59
2025-03-31,D03,75+,8299,659,47,67,679,3846,297,0.0772,59
2025-03-31,D04,0-4,4797,196,15,19,200,2106,155,0.0736,33
2025-03-31,D04,5-17,13698,718,54,57,721,2106,155,0.0736,33
2025-03-31,D04,18-44,26131,1569,126,174,1617,2106,155,0.0736,33
2025-03-31,D04,45-64,22368,967,53,117,1031,2106,155,0.0736,33
2025-03-31,D04,65-74,8182,597,37,64,624,2106,155,0.0736,33
2025-03-31,D04,75+,4123,337,22,49,364,2106,155,0.0736,33
2025-03-31,D05,0-4,4271,173,13,18,178,1591,91,0.0572,24
2025-03-31,D05,5-17,9836,577,46,74,605,1591,91,0.0572,24
2025-03-31,D05,18-44,26401,1217,81,103,1239,1591,91,0.0572,24
2025-03-31,D05,45-64,16893,705,40,61,726,1591,91,0.0572,24
2025-03-31,D05,65-74,5547,289,22,31,298,1591,91,0.0572,24
2025-03-31,D05,75+,4476,380,29,39,390,1591,91,0.0572,24
2025-04-07,D01,0-4,4692,242,20,24,246,1689,95,0.0562,19
2025-04-07,D01,5-17,14781,678,54,54,678,1689,95,0.0562,19
2025-04-07,D01,18-44,28353,1138,70,132,1200,1689,95,0.0562,19
2025-04-07,D01,45-64,25005,1436,84,139,1491,1689,95,0.0562,19
2025-04-07,D01,65-74,7864,601,46,58,613,1689,95,0.0562,19
2025-04-07,D01,75+,5505,295,25,41,311,1689,95,0.0562,19
2025-04-07,D02,0-4,6029,210,16,20,214,2254,198,0.0878,51
2025-04-07,D02,5-17,15681,655,58,70,667,2254,198,0.0878,51
2025-04-07,D02,18-44,39683,1928,166,226,1988,2254,198,0.0878,51
2025-04-07,D02,45-64,28318,959,76,129,1012,2254,198,0.0878,51
2025-04-07,D02,65-74,7747,516,47,46,515,2254,198,0.0878,51
2025-04-07,D02,75+,7099,347,33,48,362,2254,198,0.0878,51
2025-04-07,D03,0-4,9195,496,39,49,506,2737,167,0.061,39
2025-04-07,D03,5-17,23601,1215,108,137,1244,2737,167,0.061,39
2025-04-07,D03,18-44,58788,2402,200,275,2477,2737,167,0.061,39
2025-04-07,D03,45-64,33627,1235,100,145,1280,2737,167,0.061,39
2025-04-07,D03,65-74,13159,767,69,95,793,2737,167,0.061,39
2025-04-07,D03,75+,8212,451,37,33,447,2737,167,0.061,39
2025-04-07,D04,0-4,4930,275,20,27,282,2012,142,0.0706,35
2025-04-07,D04,5-17,13031,591,47,57,601,2012,142,0.0706,35
2025-04-07,D04,18-44,34530,1531,109,108,1530,2012,142,0.0706,35
2025-04-07,D04,45-64,20916,1092,74,132,1150,2012,142,0.0706,35
2025-04-07,D04,65-74,6373,432,35,41,438,2012,142,0.0706,35
2025-04-07,D04,75+,5697,440,35,58,463,2012,142,0.0706,35
2025-04-07,D05,0-4,3770,171,10,20,181,1433,86,0.06,22
2025-04-07,D05,5-17,10856,498,34,38,502,1433,86,0.06,22
2025-04-07,D05,18-44,22393,1226,98,151,1279,1433,86,0.06,22
2025-04-07,D05,45-64,16494,891,62,108,937,1433,86,0.06,22
2025-04-07,D05,65-74,5960,394,28,45,411,1433,86,0.06,22
2025-04-07,D05,75+,4082,251,14,21,258,1433,86,0.06,22
2025-04-14,D01,0-4,4402,214,17,23,220,1612,90,0.0558,19
2025-04-14,D01,5-17,12077,633,51,76,658,1612,90,0.0558,19
2025-04-14,D01,18-44,28918,1593,86,155,1662,1612,90,0.0558,19
2025-04-14,D01,45-64,23785,1231,87,90,1234,1612,90,0.0558,19
2025-04-14,D01,65-74,7471,525,42,69,552,1612,90,0.0558,19
2025-04-14,D01,75+,4741,341,31,40,350,1612,90,0.0558,19
2025-04-14,D02,0-4,5588,238,17,26,247,2399,144,0.06,38
2025-04-14,D02,5-17,15020,527,47,46,526,2399,144,0.06,38
2025-04-14,D02,18-44,34352,1564,151,172,1585,2399,144,0.06,38
2025-04-14,D02,45-64,27384,954,83,81,952,2399,144,0.06,38
2025-04-14,D02,65-74,9091,454,42,43,455,2399,144,0.06,38
2025-04-14,D02,75+,7048,404,38,48,414,2399,144,0.06,38
2025-04-14,D03,0-4,9599,416,33,50,433,3070,225,0.0733,46
2025-04-14,D03,5-17,23553,780,59,83,804,3070,225,0.0733,46
2025-04-14,D03,18-44,60107,2327,250,317,2394,3070,225,0.0733,46
2025-04-14,D03,45-64,32992,1244,94,138,1288,3070,225,0.0733,46
2025-04-14,D03,65-74,15235,940,60,114,994,3070,225,0.0733,46
2025-04-14,D03,75+,10625,506,37,57,526,3070,225,0.0733,46
2025-04-14,D04,0-4,4890,180,16,20,184,1400,76,0.0543,15
2025-04-14,D04,5-17,10270,567,29,62,600,1400,76,0.0543,15
2025-04-14,D04,18-44,26592,947,78,77,946,1400,76,0.0543,15
2025-04-14,D04,45-64,18859,650,49,94,695,1400,76,0.0543,15
2025-04-14,D04,65-74,6872,366,27,53,392,1400,76,0.0543,15
2025-04-14,D04,75+,5204,332,32,35,335,1400,76,0.0543,15
2025-04-14,D05,0-4,3383,186,14,21,193,1234,63,0.0511,14
2025-04-14,D05,5-17,10190,547,40,38,545,1234,63,0.0511,14
2025-04-14,D05,18-44,21250,1111,78,116,1149,1234,63,0.0511,14
2025-04-14,D05,45-64,17585,946,68,80,958,1234,63,0.0511,14
2025-04-14,D05,65-74,6894,350,24,38,364,1234,63,0.0511,14
2025-04-14,D05,75+,4053,232,15,32,249,1234,63,0.0511,14
2025-04-21,D01,0-4,4499,176,14,17,179,2009,120,0.0597,23
2025-04-21,D01,5-17,10789,512,26,42,528,2009,120,0.0597,23
2025-04-21,D01,18-44,30481,1487,91,154,1550,2009,120,0.0597,23
2025-04-21,D01,45-64,18729,737,62,52,727,2009,120,0.0597,23
2025-04-21,D01,65-74,8645,509,48,41,502,2009,120,0.0597,23
2025-04-21,D01,75+,5773,427,33,45,439,2009,120,0.0597,23
2025-04-21,D02,0-4,6210,203,17,30,216,1868,140,0.0749,35
2025-04-21,D02,5-17,14764,727,78,82,731,1868,140,0.0749,35
2025-04-21,D02,18-44,35747,1457,146,157,1468,1868,140,0.0749,35
2025-04-21,D02,45-64,24993,854,71,97,880,1868,140,0.0749,35
2025-04-21,D02,65-74,7909,349,31,47,365,1868,140,0.0749,35
2025-04-21,D02,75+,5583,290,24,30,296,1868,140,0.0749,35
2025-04-21,D03,0-4,8879,448,36,61,473,2920,161,0.0551,38
2025-04-21,D03,5-17,21361,1076,103,89,1062,2920,161,0.0551,38
2025-04-21,D03,18-44,46032,2216,195,276,2297,2920,161,0.0551,38
2025-04-21,D03,45-64,32181,1449,114,156,1491,2920,161,0.0551,38
2025-04-21,D03,65-74,15085,686,54,48,680,2920,161,0.0551,38
2025-04-21,D03,75+,9543,583,52,74,605,2920,161,0.0551,38
2025-04-21,D04,0-4,5198,211,14,21,218,1463,106,0.0725,29
2025-04-21,D04,5-17,13164,420,27,55,448,1463,106,0.0725,29
2025-04-21,D04,18-44,30238,1143,88,130,1185,1463,106,0.0725,29
2025-04-21,D04,45-64,16875,781,48,70,803,1463,106,0.0725,29
2025-04-21,D04,65-74,5910,266,19,34,281,1463,106,0.0725,29
2025-04-21,D04,75+,4886,302,24,36,314,1463,106,0.0725,29
2025-04-21,D05,0-4,3241,120,7,9,122,1430,87,0.0608,17
2025-04-21,D05,5-17,10591,377,26,27,378,1430,87,0.0608,17
2025-04-21,D05,18-44,22530,1068,73,152,1147,1430,87,0.0608,17
2025-04-21,D05,45-64,17489,806,51,96,851,1430,87,0.0608,17
2025-04-21,D05,65-74,4971,312,18,34,328,1430,87,0.0608,17
2025-04-21,D05,75+,3461,235,16,30,249,1430,87,0.0608,17
2025-04-28,D01,0-4,4507,179,13,16,182,1851,100,0.054,23
2025-04-28,D01,5-17,10778,460,24,51,487,1851,100,0.054,23
2025-04-28,D01,18-44,33457,1378,101,201,1478,1851,100,0.054,23
2025-04-28,D01,45-64,20068,674,65,53,662,1851,100,0.054,23
2025-04-28,D01,65-74,7735,529,48,49,530,1851,100,0.054,23
2025-04-28,D01,75+,5074,260,18,33,275,1851,100,0.054,23
2025-04-28,D02,0-4,6379,202,16,29,215,2268,124,0.0547,26
2025-04-28,D02,5-17,16926,798,68,106,836,2268,124,0.0547,26
2025-04-28,D02,18-44,42991,1257,127,90,1220,2268,124,0.0547,26
2025-04-28,D02,45-64,24592,1093,97,123,1119,2268,124,0.0547,26
2025-04-28,D02,65-74,7802,365,30,33,368,2268,124,0.0547,26
2025-04-28,D02,75+,5412,276,19,29,286,2268,124,0.0547,26
2025-04-28,D03,0-4,6899,335,31,42,346,3301,188,0.057,40
2025-04-28,D03,5-17,25448,957,78,140,1019,3301,188,0.057,40
2025-04-28,D03,18-44,47953,2153,210,220,2163,3301,188,0.057,40
2025-04-28,D03,45-64,40907,1668,149,119,1638,3301,188,0.057,40
2025-04-28,D03,65-74,15069,795,72,89,812,3301,188,0.057,40
2025-04-28,D03,75+,10104,474,48,65,491,3301,188,0.057,40
2025-04-28,D04,0-4,4087,138,11,10,137,1307,92,0.0704,16
2025-04-28,D04,5-17,13236,491,34,71,528,1307,92,0.0704,16
2025-04-28,D04,18-44,27218,1202,87,153,1268,1307,92,0.0704,16
2025-04-28,D04,45-64,18500,617,40,88,665,1307,92,0.0704,16
2025-04-28,D04,65-74,6848,373,25,28,376,1307,92,0.0704,16
2025-04-28,D04,75+,5707,320,26,40,334,1307,92,0.0704,16
2025-04-28,D05,0-4,4310,180,13,16,183,1312,66,0.0503,14
2025-04-28,D05,5-17,9138,373,28,28,373,1312,66,0.0503,14
2025-04-28,D05,18-44,24521,928,59,66,935,1312,66,0.0503,14
2025-04-28,D05,45-64,19475,608,32,65,641,1312,66,0.0503,14
2025-04-28,D05,65-74,5336,357,25,39,371,1312,66,0.0503,14
2025-04-28,D05,75+,3811,216,15,32,233,1312,66,0.0503,14
2025-05-05,D01,0-4,4132,182,16,19,185,1645,81,0.0492,22
2025-05-05,D01,5-17,14510,535,48,53,540,1645,81,0.0492,22
2025-05-05,D01,18-44,30159,1240,86,120,1274,1645,81,0.0492,22
2025-05-05,D01,45-64,19034,905,70,102,937,1645,81,0.0492,22
2025-05-05,D01,65-74,7092,476,31,51,496,1645,81,0.0492,22
2025-05-05,D01,75+,4437,221,14,22,229,1645,81,0.0492,22
2025-05-05,D02,0-4,6207,274,25,25,274,2049,169,0.0825,38
2025-05-05,D02,5-17,18027,627,56,74,645,2049,169,0.0825,38
2025-05-05,D02,18-44,33682,1498,112,113,1499,2049,169,0.0825,38
2025-05-05,D02,45-64,26662,818,75,103,846,2049,169,0.0825,38
2025-05-05,D02,65-74,7660,329,27,44,346,2049,169,0.0825,38
2025-05-05,D02,75+,7481,385,37,31,379,2049,169,0.0825,38
2025-05-05,D03,0-4,7397,218,19,23,222,2755,173,0.0628,41
2025-05-05,D03,5-17,18777,531,37,59,553,2755,173,0.0628,41
2025-05-05,D03,18-44,45472,1852,189,257,1920,2755,173,0.0628,41
2025-05-05,D03,45-64,30541,1089,107,107,1089,2755,173,0.0628,41
2025-05-05,D03,65-74,10874,665,51,50,664,2755,173,0.0628,41
2025-05-05,D03,75+,7560,333,22,46,357,2755,173,0.0628,41
2025-05-05,D04,0-4,4803,225,16,21,230,1763,86,0.0488,20
2025-05-05,D04,5-17,13845,516,37,53,532,1763,86,0.0488,20
2025-05-05,D04,18-44,28598,888,57,64,895,1763,86,0.0488,20
2025-05-05,D04,45-64,19065,560,35,59,584,1763,86,0.0488,20
2025-05-05,D04,65-74,6308,364,25,54,393,1763,86,0.0488,20
2025-05-05,D04,75+,4202,220,16,32,236,1763,86,0.0488,20
2025-05-05,D05,0-4,4270,190,14,18,194,1502,89,0.0593,25
2025-05-05,D05,5-17,9423,283,16,23,290,1502,89,0.0593,25
2025-05-05,D05,18-44,21170,873,69,90,894,1502,89,0.0593,25
2025-05-05,D05,45-64,17063,658,55,74,677,1502,89,0.0593,25
2025-05-05,D05,65-74,6098,322,18,33,337,1502,89,0.0593,25
2025-05-05,D05,75+,3539,213,18,25,220,1502,89,0.0593,25
2025-05-12,D01,0-4,5579,239,14,34,259,1798,118,0.0656,22
2025-05-12,D01,5-17,13435,484,38,36,482,1798,118,0.0656,22
2025-05-12,D01,18-44,31026,1173,94,134,1213,1798,118,0.0656,22
2025-05-12,D01,45-64,19800,845,67,80,858,1798,118,0.0656,22
2025-05-12,D01,65-74,6814,395,27,30,398,1798,118,0.0656,22
2025-05-12,D01,75+,4597,292,20,21,293,1798,118,0.0656,22
2025-05-12,D02,0-4,4910,212,15,30,227,1781,109,0.0612,23
2025-05-12,D02,5-17,16331,487,47,56,496,1781,109,0.0612,23
2025-05-12,D02,18-44,37740,1171,126,172,1217,1781,109,0.0612,23
2025-05-12,D02,45-64,25820,1097,95,129,1131,1781,109,0.0612,23
2025-05-12,D02,65-74,10275,411,36,48,423,1781,109,0.0612,23
2025-05-12,D02,75+,6706,287,27,40,300,1781,109,0.0612,23
2025-05-12,D03,0-4,9109,377,33,42,386,2629,152,0.0578,33
2025-05-12,D03,5-17,24985,858,68,118,908,2629,152,0.0578,33
2025-05-12,D03,18-44,54195,1795,147,128,1776,2629,152,0.0578,33
2025-05-12,D03,45-64,33643,1308,123,103,1288,2629,152,0.0578,33
2025-05-12,D03,65-74,12989,726,73,58,711,2629,152,0.0578,33
2025-05-12,D03,75+,9995,613,50,44,607,2629,152,0.0578,33
2025-05-12,D04,0-4,3763,165,9,19,175,1544,82,0.0531,16
2025-05-12,D04,5-17,10799,499,47,40,492,1544,82,0.0531,16
2025-05-12,D04,18-44,29621,967,59,96,1004,1544,82,0.0531,16
2025-05-12,D04,45-64,19652,916,60,119,975,1544,82,0.0531,16
2025-05-12,D04,65-74,6744,381,32,31,380,1544,82,0.0531,16
2025-05-12,D04,75+,5179,320,22,45,343,1544,82,0.0531,16
2025-05-12,D05,0-4,3335,119,9,15,125,1103,60,0.0544,14
2025-05-12,D05,5-17,9756,427,29,51,449,1103,60,0.0544,14
2025-05-12,D05,18-44,28058,1340,85,100,1355,1103,60,0.0544,14
2025-05-12,D05,45-64,15952,615,36,85,664,1103,60,0.0544,14
2025-05-12,D05,65-74,5194,308,21,36,323,1103,60,0.0544,14
2025-05-12,D05,75+,3881,186,13,16,189,1103,60,0.0544,14
2025-05-19,D01,0-4,5547,189,16,19,192,1438,78,0.0542,22
2025-05-19,D01,5-17,11897,490,29,42,503,1438,78,0.0542,22
2025-05-19,D01,18-44,30210,1244,104,88,1228,1438,78,0.0542,22
2025-05-19,D01,45-64,25217,1130,99,101,1132,1438,78,0.0542,22
2025-05-19,D01,65-74,6489,398,31,41,408,1438,78,0.0542,22
2025-05-19,D01,75+,4765,293,19,24,298,1438,78,0.0542,22
2025-05-19,D02,0-4,5178,211,19,21,213,1707,104,0.0609,27
2025-05-19,D02,5-17,13963,590,58,48,580,1707,104,0.0609,27
2025-05-19,D02,18-44,41593,1179,108,93,1164,1707,104,0.0609,27
2025-05-19,D02,45-64,30317,1019,102,139,1056,1707,104,0.0609,27
2025-05-19,D02,65-74,10432,459,42,64,481,1707,104,0.0609,27
2025-05-19,D02,75+,5927,349,26,44,367,1707,104,0.0609,27
2025-05-19,D03,0-4,7930,346,31,34,349,2635,186,0.0706,37
2025-05-19,D03,5-17,19564,539,43,45,541,2635,186,0.0706,37
2025-05-19,D03,18-44,48144,1325,96,130,1359,2635,186,0.0706,37
2025-05-19,D03,45-64,37754,1345,126,118,1337,2635,186,0.0706,37
2025-05-19,D03,65-74,11425,705,63,93,735,2635,186,0.0706,37
2025-05-19,D03,75+,7802,410,36,34,408,2635,186,0.0706,37
2025-05-19,D04,0-4,4113,137,8,15,144,1239,71,0.0573,17
2025-05-19,D04,5-17,9987,380,25,55,410,1239,71,0.0573,17
2025-05-19,D04,18-44,33184,1301,106,99,1294,1239,71,0.0573,17
2025-05-19,D04,45-64,21906,623,45,59,637,1239,71,0.0573,17
2025-05-19,D04,65-74,6465,366,32,53,387,1239,71,0.0573,17
2025-05-19,D04,75+,5459,281,16,25,290,1239,71,0.0573,17
2025-05-19,D05,0-4,4413,125,10,15,130,1069,54,0.0505,15
2025-05-19,D05,5-17,8579,320,25,42,337,1069,54,0.0505,15
2025-05-19,D05,18-44,27540,1219,65,154,1308,1069,54,0.0505,15
2025-05-19,D05,45-64,19365,854,66,127,915,1069,54,0.0505,15
2025-05-19,D05,65-74,6155,382,25,43,400,1069,54,0.0505,15
2025-05-19,D05,75+,3992,194,11,15,198,1069,54,0.0505,15
2025-05-26,D01,0-4,5748,155,11,15,159,1370,75,0.0547,21
2025-05-26,D01,5-17,12675,565,48,52,569,1370,75,0.0547,21
2025-05-26,D01,18-44,34726,1408,118,181,1471,1370,75,0.0547,21
2025-05-26,D01,45-64,17768,536,35,69,570,1370,75,0.0547,21
2025-05-26,D01,65-74,8050,397,27,56,426,1370,75,0.0547,21
2025-05-26,D01,75+,4827,236,11,31,256,1370,75,0.0547,21
2025-05-26,D02,0-4,6170,185,16,20,189,1774,132,0.0744,32
2025-05-26,D02,5-17,13585,465,45,43,463,1774,132,0.0744,32
2025-05-26,D02,18-44,44944,1406,129,118,1395,1774,132,0.0744,32
2025-05-26,D02,45-64,28209,878,73,112,917,1774,132,0.0744,32
2025-05-26,D02,65-74,10379,581,59,54,576,1774,132,0.0744,32
2025-05-26,D02,75+,6185,308,22,34,320,1774,132,0.0744,32
2025-05-26,D03,0-4,8976,277,26,30,281,3002,213,0.071,40
2025-05-26,D03,5-17,18448,642,61,68,649,3002,213,0.071,40
2025-05-26,D03,18-44,61600,1947,174,179,1952,3002,213,0.071,40
2025-05-26,D03,45-64,34601,1224,100,179,1303,3002,213,0.071,40
2025-05-26,D03,65-74,15021,726,57,54,723,3002,213,0.071,40
2025-05-26,D03,75+,9929,408,35,47,420,3002,213,0.071,40
2025-05-26,D04,0-4,4533,197,13,28,212,1287,88,0.0684,20
2025-05-26,D04,5-17,12063,399,28,28,399,1287,88,0.0684,20
2025-05-26,D04,18-44,34751,1539,112,143,1570,1287,88,0.0684,20
2025-05-26,D04,45-64,17575,621,39,62,644,1287,88,0.0684,20
2025-05-26,D04,65-74,6641,328,28,30,330,1287,88,0.0684,20
2025-05-26,D04,75+,5702,324,23,27,328,1287,88,0.0684,20
2025-05-26,D05,0-4,3348,95,6,7,96,1250,78,0.0624,18
2025-05-26,D05,5-17,9026,341,30,38,349,1250,78,0.0624,18
2025-05-26,D05,18-44,24325,1073,66,126,1133,1250,78,0.0624,18
2025-05-26,D05,45-64,18654,584,38,86,632,1250,78,0.0624,18
2025-05-26,D05,65-74,5977,323,28,35,330,1250,78,0.0624,18
2025-05-26,D05,75+,3604,163,8,12,167,1250,78,0.0624,18
2025-06-02,D01,0-4,4893,144,8,12,148,1779,86,0.0483,20
2025-06-02,D01,5-17,10765,459,25,58,492,1779,86,0.0483,20
2025-06-02,D01,18-44,32603,1141,81,103,1163,1779,86,0.0483,20
2025-06-02,D01,45-64,22099,739,62,73,750,1779,86,0.0483,20
2025-06-02,D01,65-74,6471,360,28,51,383,1779,86,0.0483,20
2025-06-02,D01,75+,5312,324,19,43,348,1779,86,0.0483,20
2025-06-02,D02,0-4,6664,254,19,21,256,2264,151,0.0667,45
2025-06-02,D02,5-17,16296,445,41,31,435,2264,151,0.0667,45
2025-06-02,D02,18-44,38563,1567,136,215,1646,2264,151,0.0667,45
2025-06-02,D02,45-64,30156,1059,88,74,1045,2264,151,0.0667,45
2025-06-02,D02,65-74,9823,393,33,43,403,2264,151,0.0667,45
2025-06-02,D02,75+,6050,308,26,29,311,2264,151,0.0667,45
2025-06-02,D03,0-4,9450,250,21,30,259,3217,204,0.0634,53
2025-06-02,D03,5-17,20555,560,43,64,581,3217,204,0.0634,53
2025-06-02,D03,18-44,56959,1662,137,180,1705,3217,204,0.0634,53
2025-06-02,D03,45-64,42106,1237,116,171,1292,3217,204,0.0634,53
2025-06-02,D03,65-74,14329,551,47,67,571,3217,204,0.0634,53
2025-06-02,D03,75+,8416,453,39,35,449,3217,204,0.0634,53
2025-06-02,D04,0-4,4487,131,10,12,133,1500,77,0.0513,16
2025-06-02,D04,5-17,11147,349,24,32,357,1500,77,0.0513,16
2025-06-02,D04,18-44,25223,802,55,82,829,1500,77,0.0513,16
2025-06-02,D04,45-64,17940,726,46,62,742,1500,77,0.0513,16
2025-06-02,D04,65-74,7429,423,26,50,447,1500,77,0.0513,16
2025-06-02,D04,75+,4221,230,18,30,242,1500,77,0.0513,16
2025-06-02,D05,0-4,3760,124,10,9,123,1362,95,0.0698,19
2025-06-02,D05,5-17,11737,317,25,26,318,1362,95,0.0698,19
2025-06-02,D05,18-44,20932,741,44,89,786,1362,95,0.0698,19
2025-06-02,D05,45-64,18207,554,39,48,563,1362,95,0.0698,19
2025-06-02,D05,65-74,6375,330,21,39,348,1362,95,0.0698,19
2025-06-02,D05,75+,3861,204,17,29,216,1362,95,0.0698,19
2025-06-09,D01,0-4,5140,156,11,11,156,1880,106,0.0564,23
2025-06-09,D01,5-17,12959,474,32,43,485,1880,106,0.0564,23
2025-06-09,D01,18-44,33141,1434,120,124,1438,1880,106,0.0564,23
2025-06-09,D01,45-64,21383,578,46,74,606,1880,106,0.0564,23
2025-06-09,D01,65-74,6544,284,20,27,291,1880,106,0.0564,23
2025-06-09,D01,75+,5536,254,18,20,256,1880,106,0.0564,23
2025-06-09,D02,0-4,5804,239,23,33,249,2282,113,0.0495,22
2025-06-09,D02,5-17,15445,387,36,39,390,2282,113,0.0495,22
2025-06-09,D02,18-44,40478,1547,123,188,1612,2282,113,0.0495,22
2025-06-09,D02,45-64,26406,1065,96,143,1112,2282,113,0.0495,22
2025-06-09,D02,65-74,8782,469,37,65,497,2282,113,0.0495,22
2025-06-09,D02,75+,7450,303,21,31,313,2282,113,0.0495,22
2025-06-09,D03,0-4,7693,308,26,31,313,2769,159,0.0574,47
2025-06-09,D03,5-17,24028,797,66,101,832,2769,159,0.0574,47
2025-06-09,D03,18-44,61149,1560,136,115,1539,2769,159,0.0574,47
2025-06-09,D03,45-64,35546,1445,86,207,1566,2769,159,0.0574,47
2025-06-09,D03,65-74,12293,553,51,39,541,2769,159,0.0574,47
2025-06-09,D03,75+,8726,331,24,46,353,2769,159,0.0574,47
2025-06-09,D04,0-4,4581,151,10,18,159,1665,78,0.0468,18
2025-06-09,D04,5-17,10112,381,29,27,379,1665,78,0.0468,18
2025-06-09,D04,18-44,32144,1363,84,195,1474,1665,78,0.0468,18
2025-06-09,D04,45-64,20827,561,44,74,591,1665,78,0.0468,18
2025-06-09,D04,65-74,8099,465,38,57,484,1665,78,0.0468,18
2025-06-09,D04,75+,5236,283,23,20,280,1665,78,0.0468,18
2025-06-09,D05,0-4,4211,123,6,16,133,1152,64,0.0556,14
2025-06-09,D05,5-17,10025,410,35,52,427,1152,64,0.0556,14
2025-06-09,D05,18-44,29455,1252,105,180,1327,1152,64,0.0556,14
2025-06-09,D05,45-64,19408,643,43,59,659,1152,64,0.0556,14
2025-06-09,D05,65-74,5749,250,18,19,251,1152,64,0.0556,14
2025-06-09,D05,75+,3852,144,7,18,155,1152,64,0.0556,14
2025-06-16,D01,0-4,5665,163,10,18,171,1643,88,0.0536,17
2025-06-16,D01,5-17,10731,362,36,48,374,1643,88,0.0536,17
2025-06-16,D01,18-44,32083,860,79,126,907,1643,88,0.0536,17
2025-06-16,D01,45-64,24377,796,46,79,829,1643,88,0.0536,17
2025-06-16,D01,65-74,8911,347,25,49,371,1643,88,0.0536,17
2025-06-16,D01,75+,4487,228,16,24,236,1643,88,0.0536,17
2025-06-16,D02,0-4,5256,181,17,19,183,2293,145,0.0632,40
2025-06-16,D02,5-17,16111,527,35,62,554,2293,145,0.0632,40
2025-06-16,D02,18-44,32184,839,54,71,856,2293,145,0.0632,40
2025-06-16,D02,45-64,22874,719,68,95,746,2293,145,0.0632,40
2025-06-16,D02,65-74,8546,389,35,40,394,2293,145,0.0632,40
2025-06-16,D02,75+,5617,254,26,25,253,2293,145,0.0632,40
2025-06-16,D03,0-4,7307,290,22,40,308,2961,164,0.0554,48
2025-06-16,D03,5-17,18162,532,57,66,541,2961,164,0.0554,48
2025-06-16,D03,18-44,48046,1244,102,115,1257,2961,164,0.0554,48
2025-06-16,D03,45-64,31582,874,76,82,880,2961,164,0.0554,48
2025-06-16,D03,65-74,12160,594,46,78,626,2961,164,0.0554,48
2025-06-16,D03,75+,8402,304,31,23,296,2961,164,0.0554,48
2025-06-16,D04,0-4,4776,187,15,26,198,1352,78,0.0577,18
2025-06-16,D04,5-17,13046,377,26,36,387,1352,78,0.0577,18
2025-06-16,D04,18-44,32505,907,76,84,915,1352,78,0.0577,18
2025-06-16,D04,45-64,17519,713,51,92,754,1352,78,0.0577,18
2025-06-16,D04,65-74,8111,318,22,31,327,1352,78,0.0577,18
2025-06-16,D04,75+,4584,196,14,21,203,1352,78,0.0577,18
2025-06-16,D05,0-4,3404,146,11,18,153,1273,70,0.055,14
2025-06-16,D05,5-17,9707,284,15,39,308,1273,70,0.055,14
2025-06-16,D05,18-44,22474,936,69,120,987,1273,70,0.055,14
2025-06-16,D05,45-64,14837,574,43,61,592,1273,70,0.055,14
2025-06-16,D05,65-74,6204,335,25,43,353,1273,70,0.055,14
2025-06-16,D05,75+,4039,203,14,15,204,1273,70,0.055,14
2025-06-23,D01,0-4,4259,136,11,15,140,1917,118,0.0616,29
2025-06-23,D01,5-17,11807,395,30,38,403,1917,118,0.0616,29
2025-06-23,D01,18-44,37330,1184,86,92,1190,1917,118,0.0616,29
2025-06-23,D01,45-64,24926,984,77,131,1038,1917,118,0.0616,29
2025-06-23,D01,65-74,8870,470,38,60,492,1917,118,0.0616,29
2025-06-23,D01,75+,5734,329,23,39,345,1917,118,0.0616,29
2025-06-23,D02,0-4,5805,168,17,12,163,2029,153,0.0754,30
2025-06-23,D02,5-17,16061,412,30,45,427,2029,153,0.0754,30
2025-06-23,D02,18-44,32208,1100,106,84,1078,2029,153,0.0754,30
2025-06-23,D02,45-64,24958,895,91,108,912,2029,153,0.0754,30
2025-06-23,D02,65-74,10386,582,49,75,608,2029,153,0.0754,30
2025-06-23,D02,75+,5858,332,25,29,336,2029,153,0.0754,30
2025-06-23,D03,0-4,8902,258,22,23,259,2720,196,0.0721,49
2025-06-23,D03,5-17,21527,759,72,110,797,2720,196,0.0721,49
2025-06-23,D03,18-44,59404,2105,169,169,2105,2720,196,0.0721,49
2025-06-23,D03,45-64,30607,1123,78,158,1203,2720,196,0.0721,49
2025-06-23,D03,65-74,11745,475,40,45,480,2720,196,0.0721,49
2025-06-23,D03,75+,8697,435,34,36,437,2720,196,0.0721,49
2025-06-23,D04,0-4,4857,207,13,28,222,1391,72,0.0518,19
2025-06-23,D04,5-17,12706,487,33,36,490,1391,72,0.0518,19
2025-06-23,D04,18-44,32680,1234,86,120,1268,1391,72,0.0518,19
2025-06-23,D04,45-64,19182,702,55,65,712,1391,72,0.0518,19
2025-06-23,D04,65-74,8039,481,30,58,509,1391,72,0.0518,19
2025-06-23,D04,75+,4877,290,24,28,294,1391,72,0.0518,19
2025-06-23,D05,0-4,3599,111,6,7,112,1233,60,0.0487,17
2025-06-23,D05,5-17,10698,293,23,42,312,1233,60,0.0487,17
2025-06-23,D05,18-44,21456,753,43,69,779,1233,60,0.0487,17
2025-06-23,D05,45-64,14190,395,34,47,408,1233,60,0.0487,17
2025-06-23,D05,65-74,5528,300,21,34,313,1233,60,0.0487,17
2025-06-23,D05,75+,4269,233,13,23,243,1233,60,0.0487,17
2025-06-30,D01,0-4,4883,195,18,22,199,1632,92,0.0564,21
2025-06-30,D01,5-17,11828,416,31,46,431,1632,92,0.0564,21
2025-06-30,D01,18-44,33874,1354,104,152,1402,1632,92,0.0564,21
2025-06-30,D01,45-64,23246,945,69,66,942,1632,92,0.0564,21
2025-06-30,D01,65-74,8620,381,19,51,413,1632,92,0.0564,21
2025-06-30,D01,75+,5092,207,16,21,212,1632,92,0.0564,21
2025-06-30,D02,0-4,6903,233,18,25,240,2149,123,0.0572,24
2025-06-30,D02,5-17,13026,319,30,40,329,2149,123,0.0572,24
2025-06-30,D02,18-44,38882,1230,90,133,1273,2149,123,0.0572,24
2025-06-30,D02,45-64,26022,796,86,108,818,2149,123,0.0572,24
2025-06-30,D02,65-74,9089,463,35,50,478,2149,123,0.0572,24
2025-06-30,D02,75+,6824,291,25,30,296,2149,123,0.0572,24
2025-06-30,D03,0-4,7688,292,21,34,305,2616,134,0.0512,30
2025-06-30,D03,5-17,21332,647,51,66,662,2616,134,0.0512,30
2025-06-30,D03,18-44,63539,2010,204,224,2030,2616,134,0.0512,30
2025-06-30,D03,45-64,39962,1022,95,127,1054,2616,134,0.0512,30
2025-06-30,D03,65-74,13020,574,45,45,574,2616,134,0.0512,30
2025-06-30,D03,75+,10362,561,47,51,565,2616,134,0.0512,30
2025-06-30,D04,0-4,4039,142,10,20,152,1349,92,0.0682,23
2025-06-30,D04,5-17,11445,389,32,53,410,1349,92,0.0682,23
2025-06-30,D04,18-44,30763,1318,105,109,1322,1349,92,0.0682,23
2025-06-30,D04,45-64,18843,679,50,62,691,1349,92,0.0682,23
2025-06-30,D04,65-74,7167,298,25,30,303,1349,92,0.0682,23
2025-06-30,D04,75+,4942,202,18,15,199,1349,92,0.0682,23
2025-06-30,D05,0-4,3635,125,9,12,128,1162,87,0.0749,25
2025-06-30,D05,5-17,8530,373,30,43,386,1162,87,0.0749,25
2025-06-30,D05,18-44,25987,1102,84,78,1096,1162,87,0.0749,25
2025-06-30,D05,45-64,15300,636,52,57,641,1162,87,0.0749,25
2025-06-30,D05,65-74,5927,254,20,17,251,1162,87,0.0749,25
2025-06-30,D05,75+,3508,175,11,23,187,1162,87,0.0749,25
